run_id,order_index,kind,router,benchmark,split,repetition,status,exit_code,started_at_ms,ended_at_ms,duration_s,eb_summary_joules,gpu_temps_start,gpu_placement,resident_ok_before,resident_ok_after,n_queries,n_errors,run_dir
001_cascade__gsm_hard__rep1,1,run,cascade,gsm_hard,eval,1,done,0,1790685928471,1790685981512,53.041,5312.244064331055,62;62,gpu0:8966MiB;gpu0:6452MiB;gpu1:8268MiB;gpu1:3924MiB;gpu1:506MiB,True,True,2,0,results/pilot_energy/001_cascade__gsm_hard__rep1
002_always_middle__gsm_hard__rep1,2,run,always_middle,gsm_hard,eval,1,done,0,1790685986566,1790686015545,28.979,2859.3539123535156,60;63,gpu0:8966MiB;gpu0:6452MiB;gpu1:8268MiB;gpu1:3924MiB;gpu1:506MiB,True,True,2,0,results/pilot_energy/002_always_middle__gsm_hard__rep1
003_always_middle__mmlu_pro__rep1,3,run,always_middle,mmlu_pro,eval,1,done,0,1790686020603,1790686048789,28.186,2764.2388763427734,65;52,gpu0:8966MiB;gpu0:6452MiB;gpu1:8268MiB;gpu1:3924MiB;gpu1:506MiB,True,True,2,0,results/pilot_energy/003_always_middle__mmlu_pro__rep1
004_mf__mmlu_pro__rep1,4,run,mf,mmlu_pro,eval,1,done,0,1790686053846,1790686101691,47.845,4790.450866699219,66;48,gpu0:8966MiB;gpu0:6452MiB;gpu1:8268MiB;gpu1:3924MiB;gpu1:506MiB,True,True,2,0,results/pilot_energy/004_mf__mmlu_pro__rep1
005_always_large__gsm_hard__rep1,5,run,always_large,gsm_hard,eval,1,done,0,1790686106739,1790686170330,63.591,6384.054275512695,59;61,gpu0:8966MiB;gpu0:6452MiB;gpu1:8268MiB;gpu1:3924MiB;gpu1:506MiB,True,True,2,0,results/pilot_energy/005_always_large__gsm_hard__rep1
006_cascade__mmlu_pro__rep1,6,run,cascade,mmlu_pro,eval,1,done,0,1790686175378,1790686210812,35.434,3479.142623901367,61;63,gpu0:8966MiB;gpu0:6452MiB;gpu1:8268MiB;gpu1:3924MiB;gpu1:506MiB,True,True,2,0,results/pilot_energy/006_cascade__mmlu_pro__rep1
007_mf__gsm_hard__rep1,7,run,mf,gsm_hard,eval,1,done,0,1790686215860,1790686271435,55.575,5563.526840209961,61;61,gpu0:8966MiB;gpu0:6452MiB;gpu1:8268MiB;gpu1:3924MiB;gpu1:506MiB,True,True,2,0,results/pilot_energy/007_mf__gsm_hard__rep1
008_always_large__mmlu_pro__rep1,8,run,always_large,mmlu_pro,eval,1,done,0,1790686276482,1790686342324,65.842,6599.137512207031,62;61,gpu0:8966MiB;gpu0:6452MiB;gpu1:8268MiB;gpu1:3924MiB;gpu1:506MiB,True,True,2,0,results/pilot_energy/008_always_large__mmlu_pro__rep1
009_always_small__mmlu_pro__rep1,9,run,always_small,mmlu_pro,eval,1,done,0,1790686347373,1790686366351,18.978,1841.5217742919922,62;64,gpu0:8966MiB;gpu0:6452MiB;gpu1:8268MiB;gpu1:3924MiB;gpu1:506MiB,True,True,2,0,results/pilot_energy/009_always_small__mmlu_pro__rep1
010_always_small__gsm_hard__rep1,10,run,always_small,gsm_hard,eval,1,done,0,1790686371406,1790686387988,16.582,1598.462417602539,54;65,gpu0:8966MiB;gpu0:6452MiB;gpu1:8268MiB;gpu1:3924MiB;gpu1:506MiB,True,True,2,0,results/pilot_energy/010_always_small__gsm_hard__rep1
011_idle__rep1,11,idle,,,,1,done,0,1790686619878,1790686630250,10.372,538.4602813720703,62;62,gpu0:8966MiB;gpu0:6452MiB;gpu1:8268MiB;gpu1:3924MiB;gpu1:506MiB,True,True,,,results/pilot_energy/011_idle__rep1
