run_id,order_index,kind,router,benchmark,split,repetition,status,exit_code,started_at_ms,ended_at_ms,duration_s,eb_summary_joules,gpu_temps_start,gpu_placement,resident_ok_before,resident_ok_after,n_queries,n_errors,accuracy,mean_latency_ms,mean_j_per_query,mean_gpu_utilization_pct,mean_cpu_utilization_pct,peak_gpu_memory_mib,peak_system_memory_bytes,run_dir
001_matrix_factorization__mmlu_pro__rep3,1,run,matrix_factorization,mmlu_pro,eval,3,done,0,1791227150518,1791234814862,7664.344,778360.1169586182,45;46,gpu0:8968MiB;gpu0:6450MiB;gpu1:8270MiB;gpu1:3922MiB;gpu1:510MiB,True,True,200,0,0.565,38319.14308013979,6528.8887401701195,48.27195249282172,27.18070112189404,15897.0,20596756480.0,results/main/001_matrix_factorization__mmlu_pro__rep3
002_small_only__gsm_hard__rep3,2,run,small_only,gsm_hard,eval,3,done,0,1791234875707,1791236216280,1340.573,133120.13191223145,48;49,gpu0:8974MiB;gpu0:6452MiB;gpu1:8276MiB;gpu1:3922MiB;gpu1:514MiB,True,True,200,0,0.515,6699.732588889856,827.6110472599997,43.14632144456051,27.10711400565986,15897.0,27883712512.0,results/main/002_small_only__gsm_hard__rep3
003_large_only__gsm_hard__rep5,3,run,large_only,gsm_hard,eval,5,done,0,1791236276469,1791242570176,6293.707,634530.9674987793,34;49,gpu0:8974MiB;gpu0:6452MiB;gpu1:8276MiB;gpu1:3932MiB;gpu1:514MiB,True,True,200,0,0.53,31465.945056835008,5391.627531249954,48.4124574843447,27.113334322537053,15897.0,27731496960.0,results/main/003_large_only__gsm_hard__rep5
004_small_only__mmlu_pro__rep2,4,run,small_only,mmlu_pro,eval,2,done,0,1791242630876,1791244435408,1804.532,181679.86883544922,48;49,gpu0:8974MiB;gpu0:6452MiB;gpu1:8276MiB;gpu1:3932MiB;gpu1:514MiB,True,True,200,0,0.51,9020.281949089986,1113.0741114300026,43.00033259423503,27.023569275699803,15897.0,27589824512.0,results/main/004_small_only__mmlu_pro__rep2
005_large_only__gsm_hard__rep2,5,run,large_only,gsm_hard,eval,2,done,0,1791244495646,1791250789143,6293.497,636455.3180389404,35;49,gpu0:8974MiB;gpu0:6452MiB;gpu1:8276MiB;gpu1:3934MiB;gpu1:514MiB,True,True,200,0,0.53,31464.99919881524,5399.105259504996,48.41507724585161,27.08447950045191,15897.0,26901278720.0,results/main/005_large_only__gsm_hard__rep2
006_matrix_factorization__gsm_hard__rep2,6,run,matrix_factorization,gsm_hard,eval,2,done,0,1791307037840,1791309465953,2428.113,245559.99674987793,45;47,gpu0:8974MiB;gpu0:6452MiB;gpu1:8276MiB;gpu1:3934MiB;gpu1:514MiB,True,True,200,0,0.495,12137.793176239938,1885.4153023500032,45.98673477795172,27.420816323676412,15897.0,27019341824.0,results/main/006_matrix_factorization__gsm_hard__rep2
007_cascade__mmlu_pro__rep5,7,run,cascade,mmlu_pro,eval,5,done,0,1791309526256,1791315284797,5758.541,580596.7281494141,43;51,gpu0:8974MiB;gpu0:6452MiB;gpu1:8276MiB;gpu1:3934MiB;gpu1:514MiB,True,True,200,0,0.59,28790.222463104656,4583.407671215009,46.17568788215675,26.952274134302105,15897.0,33227907072.0,results/main/007_cascade__mmlu_pro__rep5
008_matrix_factorization__gsm_hard__rep5,8,run,matrix_factorization,gsm_hard,eval,5,done,0,1791315345437,1791317773359,2427.922,244474.6851196289,43;50,gpu0:8974MiB;gpu0:6452MiB;gpu1:8276MiB;gpu1:3934MiB;gpu1:514MiB,True,True,200,0,0.495,12137.024376984264,1883.9608435150076,45.97313777191826,27.425068331108815,15897.0,33044697088.0,results/main/008_matrix_factorization__gsm_hard__rep5
009_medium_only__mmlu_pro__rep4,9,run,medium_only,mmlu_pro,eval,4,done,0,1791317833658,1791320588254,2754.596,275364.2784729004,41;50,gpu0:8974MiB;gpu0:6452MiB;gpu1:8276MiB;gpu1:3934MiB;gpu1:514MiB,True,True,200,0,0.52,13770.571649664707,1921.6905227350094,45.57244534824606,26.813259679300586,15905.0,32905445376.0,results/main/009_medium_only__mmlu_pro__rep4
010_matrix_factorization__mmlu_pro__rep2,10,run,matrix_factorization,mmlu_pro,eval,2,done,0,1791320648583,1791328291499,7642.916,771723.16746521,49;39,gpu0:8974MiB;gpu0:6460MiB;gpu1:8276MiB;gpu1:3934MiB;gpu1:514MiB,True,True,200,0,0.57,38211.60558511059,6540.036447099988,48.273721959008455,27.056435359732742,15905.0,33408753664.0,results/main/010_matrix_factorization__mmlu_pro__rep2
011_matrix_factorization__gsm_hard__rep1,11,run,matrix_factorization,gsm_hard,eval,1,done,0,1791328352322,1791330780247,2427.925,244828.00505065918,49;50,gpu0:8974MiB;gpu0:6460MiB;gpu1:8276MiB;gpu1:3934MiB;gpu1:514MiB,True,True,200,0,0.495,12136.310804470415,1885.5390077899956,46.00807514831905,27.420654236669325,15905.0,33199394816.0,results/main/011_matrix_factorization__gsm_hard__rep1
012_small_only__mmlu_pro__rep4,12,run,small_only,mmlu_pro,eval,4,done,0,1791330840563,1791332639282,1798.719,181784.4847869873,42;51,gpu0:8974MiB;gpu0:6460MiB;gpu1:8276MiB;gpu1:3934MiB;gpu1:514MiB,True,True,200,0,0.51,8991.294970255112,1118.7573152199905,43.127127127127125,27.041496547441398,15905.0,32684982272.0,results/main/012_small_only__mmlu_pro__rep4
013_matrix_factorization__mmlu_pro__rep4,13,run,matrix_factorization,mmlu_pro,eval,4,done,0,1791332699514,1791340344042,7644.528,771359.2137298584,36;50,gpu0:8974MiB;gpu0:6460MiB;gpu1:8276MiB;gpu1:3934MiB;gpu1:514MiB,True,True,200,0,0.565,38219.47637774865,6542.0048807899675,48.290466096150325,27.047308888506784,15905.0,33245675520.0,results/main/013_matrix_factorization__mmlu_pro__rep4
014_small_only__mmlu_pro__rep5,14,run,small_only,mmlu_pro,eval,5,done,0,1791340404860,1791342203184,1798.324,181497.07759094238,49;50,gpu0:8974MiB;gpu0:6460MiB;gpu1:8276MiB;gpu1:3934MiB;gpu1:514MiB,True,True,200,0,0.51,8989.272377294983,1118.4120918849999,43.12904661252642,27.0634574646619,15905.0,33394749440.0,results/main/014_small_only__mmlu_pro__rep5
015_cascade__gsm_hard__rep3,15,run,cascade,gsm_hard,eval,3,done,0,1791342263419,1791346774956,4511.537,453487.8488006592,36;51,gpu0:8974MiB;gpu0:6460MiB;gpu1:8276MiB;gpu1:3934MiB;gpu1:514MiB,True,True,200,0,0.55,22554.949743640896,3626.284713635021,46.23763912908518,27.041769510050393,15905.0,33234452480.0,results/main/015_cascade__gsm_hard__rep3
016_idle__rep5,16,idle,,,,5,done,0,1791346835469,1791346895938,60.469,2835.5773162841797,49;50,gpu0:8974MiB;gpu0:6460MiB;gpu1:8276MiB;gpu1:3934MiB;gpu1:514MiB,True,True,,,,,,0.0,0.4143358542034958,15905.0,32796446720.0,results/main/016_idle__rep5
017_medium_only__gsm_hard__rep1,17,run,medium_only,gsm_hard,eval,1,done,0,1791346956007,1791349148831,2192.824,218224.70318603516,39;41,gpu0:8974MiB;gpu0:6460MiB;gpu1:8276MiB;gpu1:3934MiB;gpu1:514MiB,True,True,200,0,0.5,10961.311009174535,1529.425384630004,45.66307818629687,26.770147198195165,15905.0,33111449600.0,results/main/017_medium_only__gsm_hard__rep1
018_idle__rep2,18,idle,,,,2,done,0,1791349209104,1791349269583,60.479,2870.9441528320312,49;39,gpu0:8974MiB;gpu0:6460MiB;gpu1:8276MiB;gpu1:3934MiB;gpu1:514MiB,True,True,,,,,,0.0,0.41425494992772477,15905.0,32777781248.0,results/main/018_idle__rep2
019_medium_only__mmlu_pro__rep5,19,run,medium_only,mmlu_pro,eval,5,done,0,1791349329651,1791352084467,2754.816,276256.38888549805,39;38,gpu0:8974MiB;gpu0:6460MiB;gpu1:8276MiB;gpu1:3934MiB;gpu1:514MiB,True,True,200,0,0.52,13770.91692945076,1920.8597167349988,45.57421931735657,26.81096145696857,15905.0,33134768128.0,results/main/019_medium_only__mmlu_pro__rep5
020_large_only__mmlu_pro__rep1,20,run,large_only,mmlu_pro,eval,1,done,0,1791352144798,1791360364912,8220.114,828928.7388458252,50;39,gpu0:8974MiB;gpu0:6460MiB;gpu1:8276MiB;gpu1:3934MiB;gpu1:514MiB,True,True,200,0,0.575,41097.69602180473,7060.14283363002,48.39990994937695,26.97030441381122,15905.0,33320419328.0,results/main/020_large_only__mmlu_pro__rep1
021_cascade__mmlu_pro__rep3,21,run,cascade,mmlu_pro,eval,3,done,0,1791360425792,1791366146911,5721.119,579479.77003479,49;51,gpu0:8974MiB;gpu0:6460MiB;gpu1:8276MiB;gpu1:3934MiB;gpu1:514MiB,True,True,200,0,0.595,28602.469352219774,4571.933313919955,46.16590901143476,26.934979160165145,15905.0,33504309248.0,results/main/021_cascade__mmlu_pro__rep3
022_idle__rep1,22,idle,,,,1,done,0,1791366207539,1791366268018,60.479,2871.744186401367,45;51,gpu0:8974MiB;gpu0:6460MiB;gpu1:8276MiB;gpu1:3934MiB;gpu1:514MiB,True,True,,,,,,0.0,0.4200931740616331,15905.0,32302592000.0,results/main/022_idle__rep1
023_matrix_factorization__gsm_hard__rep4,23,run,matrix_factorization,gsm_hard,eval,4,done,0,1791366328085,1791368757394,2429.309,247845.0954437256,38;43,gpu0:8974MiB;gpu0:6460MiB;gpu1:8276MiB;gpu1:3934MiB;gpu1:514MiB,True,True,200,0,0.495,12144.260155286174,1890.923259175016,45.940830107881084,27.405297929983863,15905.0,33079369728.0,results/main/023_matrix_factorization__gsm_hard__rep4
024_small_only__mmlu_pro__rep3,24,run,small_only,mmlu_pro,eval,3,done,0,1791368817702,1791370619396,1801.694,182364.89767456055,43;51,gpu0:8974MiB;gpu0:6460MiB;gpu1:8276MiB;gpu1:3934MiB;gpu1:514MiB,True,True,200,0,0.51,9006.191488719778,1122.0473644599888,43.05002220741728,27.04326076045394,15905.0,33055150080.0,results/main/024_small_only__mmlu_pro__rep3
025_large_only__gsm_hard__rep4,25,run,large_only,gsm_hard,eval,4,done,0,1791370679635,1791376973736,6294.101,637804.5129699707,37;51,gpu0:8974MiB;gpu0:6460MiB;gpu1:8276MiB;gpu1:3934MiB;gpu1:514MiB,True,True,200,0,0.53,31468.110382099985,5417.292073999997,48.38997488954578,27.100674523672545,15905.0,34999431168.0,results/main/025_large_only__gsm_hard__rep4
026_medium_only__mmlu_pro__rep3,26,run,medium_only,mmlu_pro,eval,3,done,0,1791377034429,1791379790033,2755.604,275051.9844055176,50;51,gpu0:8974MiB;gpu0:6460MiB;gpu1:8276MiB;gpu1:3934MiB;gpu1:514MiB,True,True,200,0,0.52,13775.052634230233,1922.182347370009,45.58893567591114,26.81780202015131,15905.0,32979255296.0,results/main/026_medium_only__mmlu_pro__rep3
027_small_only__mmlu_pro__rep1,27,run,small_only,mmlu_pro,eval,1,done,0,1791379850366,1791381649077,1798.711,180779.66632080078,50;40,gpu0:8974MiB;gpu0:6460MiB;gpu1:8276MiB;gpu1:3934MiB;gpu1:514MiB,True,True,200,0,0.51,8991.137384199828,1117.8216560200074,43.13596930263597,27.067963598092813,15905.0,32939040768.0,results/main/027_small_only__mmlu_pro__rep1
028_medium_only__gsm_hard__rep3,28,run,medium_only,gsm_hard,eval,3,done,0,1791381709310,1791383902941,2193.631,218764.04641723633,36;50,gpu0:8974MiB;gpu0:6460MiB;gpu1:8276MiB;gpu1:3934MiB;gpu1:514MiB,True,True,200,0,0.5,10965.268334220164,1531.2842763500025,45.655449156406746,26.789227734858105,15905.0,34677133312.0,results/main/028_medium_only__gsm_hard__rep3
029_cascade__gsm_hard__rep5,29,run,cascade,gsm_hard,eval,5,done,0,1791383963215,1791388474367,4511.152,457849.88201904297,50;40,gpu0:8974MiB;gpu0:6460MiB;gpu1:8276MiB;gpu1:3934MiB;gpu1:514MiB,True,True,200,0,0.55,22552.79768507302,3642.4803193899315,46.22185019291321,27.049399658243928,15905.0,33088614400.0,results/main/029_cascade__gsm_hard__rep5
030_cascade__gsm_hard__rep2,30,run,cascade,gsm_hard,eval,2,done,0,1791388534879,1791393045812,4510.933,455876.6556549072,50;50,gpu0:8974MiB;gpu0:6460MiB;gpu1:8276MiB;gpu1:3934MiB;gpu1:514MiB,True,True,200,0,0.55,22552.178977320582,3641.7015132400556,46.243990597835726,27.059187540725,15905.0,33053986816.0,results/main/030_cascade__gsm_hard__rep2
031_matrix_factorization__gsm_hard__rep3,31,run,matrix_factorization,gsm_hard,eval,3,done,0,1791393106324,1791395535643,2429.319,247200.78984069824,49;50,gpu0:8974MiB;gpu0:6460MiB;gpu1:8276MiB;gpu1:3934MiB;gpu1:514MiB,True,True,200,0,0.495,12143.612906374328,1891.8226211899978,45.9869883883719,27.399441828868866,15905.0,33016913920.0,results/main/031_matrix_factorization__gsm_hard__rep3
032_medium_only__gsm_hard__rep4,32,run,medium_only,gsm_hard,eval,4,done,0,1791395595941,1791397789163,2193.222,219053.5334625244,43;51,gpu0:8974MiB;gpu0:6460MiB;gpu1:8276MiB;gpu1:3934MiB;gpu1:514MiB,True,True,200,0,0.5,10963.21813226459,1530.709538165011,45.660631214083736,26.756659509395444,15905.0,32926531584.0,results/main/032_medium_only__gsm_hard__rep4
033_large_only__mmlu_pro__rep3,33,run,large_only,mmlu_pro,eval,3,done,0,1791397849436,1791406069928,8220.492,832942.1142120361,50;40,gpu0:8974MiB;gpu0:6460MiB;gpu1:8276MiB;gpu1:3934MiB;gpu1:514MiB,True,True,200,0,0.575,41100.08564413467,7075.421948664958,48.403455828668775,26.969164208759754,15905.0,34625798144.0,results/main/033_large_only__mmlu_pro__rep3
034_small_only__gsm_hard__rep2,34,run,small_only,gsm_hard,eval,2,done,0,1791406130812,1791407473388,1342.576,134116.32609558105,50;51,gpu0:8974MiB;gpu0:6460MiB;gpu1:8276MiB;gpu1:3934MiB;gpu1:514MiB,True,True,200,0,0.515,6710.251902389282,833.8566055450009,43.083817612874384,27.076121529582856,15905.0,33236807680.0,results/main/034_small_only__gsm_hard__rep2
035_cascade__mmlu_pro__rep4,35,run,cascade,mmlu_pro,eval,4,done,0,1791407533581,1791413256091,5722.51,579236.7835845947,36;50,gpu0:8974MiB;gpu0:6460MiB;gpu1:8276MiB;gpu1:3934MiB;gpu1:514MiB,True,True,200,0,0.595,28610.056211500778,4563.054327950046,46.154418962382884,26.937447077052003,15905.0,33540583424.0,results/main/035_cascade__mmlu_pro__rep4
036_idle__rep3,36,idle,,,,3,done,0,1791413316719,1791413377199,60.48,2853.8958892822266,43;51,gpu0:8974MiB;gpu0:6460MiB;gpu1:8276MiB;gpu1:3934MiB;gpu1:514MiB,True,True,,,,,,0.0,0.4146547026882898,15905.0,32282320896.0,results/main/036_idle__rep3
037_large_only__mmlu_pro__rep5,37,run,large_only,mmlu_pro,eval,5,done,0,1791413437268,1791421658556,8221.288,829412.2772064209,37;42,gpu0:8974MiB;gpu0:6460MiB;gpu1:8276MiB;gpu1:3934MiB;gpu1:514MiB,True,True,200,0,0.575,41103.18315647455,7063.2247661599795,48.391541344235165,26.96377451264988,15905.0,33241120768.0,results/main/037_large_only__mmlu_pro__rep5
038_medium_only__mmlu_pro__rep2,38,run,medium_only,mmlu_pro,eval,2,done,0,1791421719451,1791424476072,2756.621,275323.43550109863,49;50,gpu0:8974MiB;gpu0:6460MiB;gpu1:8276MiB;gpu1:3934MiB;gpu1:514MiB,True,True,200,0,0.52,13780.62670807485,1923.6189053750038,45.56847376442413,26.816236325263137,15905.0,33462292480.0,results/main/038_medium_only__mmlu_pro__rep2
039_small_only__gsm_hard__rep5,39,run,small_only,gsm_hard,eval,5,done,0,1791424536404,1791425876590,1340.186,134675.40032958984,50;40,gpu0:8974MiB;gpu0:6460MiB;gpu1:8276MiB;gpu1:3934MiB;gpu1:514MiB,True,True,200,0,0.515,6698.55182098996,832.2081860450018,43.1486789072996,27.091069303469652,15905.0,33298157568.0,results/main/039_small_only__gsm_hard__rep5
040_matrix_factorization__mmlu_pro__rep5,40,run,matrix_factorization,mmlu_pro,eval,5,done,0,1791425936780,1791433582299,7645.519,770417.2308654785,37;51,gpu0:8974MiB;gpu0:6460MiB;gpu1:8276MiB;gpu1:3934MiB;gpu1:514MiB,True,True,200,0,0.57,38225.00752591048,6544.717433599987,48.274740946200545,27.055809427573667,15905.0,33586257920.0,results/main/040_matrix_factorization__mmlu_pro__rep5
041_medium_only__mmlu_pro__rep1,41,run,medium_only,mmlu_pro,eval,1,done,0,1791433643133,1791436398946,2755.813,276389.29806518555,50;51,gpu0:8974MiB;gpu0:6460MiB;gpu1:8276MiB;gpu1:3934MiB;gpu1:514MiB,True,True,200,0,0.52,13776.565476319229,1923.6999212949822,45.58413793103448,26.81155659491646,15905.0,33478356992.0,results/main/041_medium_only__mmlu_pro__rep1
042_large_only__gsm_hard__rep3,42,run,large_only,gsm_hard,eval,3,done,0,1791436459277,1791442754168,6294.891,635764.2815093994,50;40,gpu0:8974MiB;gpu0:6460MiB;gpu1:8276MiB;gpu1:3934MiB;gpu1:514MiB,True,True,200,0,0.53,31471.21197100365,5417.400220610024,48.41757508342603,27.074420999320385,15905.0,33221632000.0,results/main/042_large_only__gsm_hard__rep3
043_large_only__mmlu_pro__rep4,43,run,large_only,mmlu_pro,eval,4,done,0,1791442814858,1791451036353,8221.495,831900.1459197998,50;51,gpu0:8974MiB;gpu0:6460MiB;gpu1:8276MiB;gpu1:3934MiB;gpu1:514MiB,True,True,200,0,0.575,41104.85922581414,7076.662942035103,48.39141014721986,26.978148145301056,15905.0,34965659648.0,results/main/043_large_only__mmlu_pro__rep4
044_large_only__gsm_hard__rep1,44,run,large_only,gsm_hard,eval,1,done,0,1791557471369,1791563769874,6298.505,640421.2398223877,49;50,gpu0:8974MiB;gpu0:6460MiB;gpu1:8276MiB;gpu1:3934MiB;gpu1:514MiB,True,True,200,0,0.53,31489.32803677977,5431.297158519988,48.3725502652225,27.152701593297706,15905.0,35667042304.0,results/main/044_large_only__gsm_hard__rep1
045_small_only__gsm_hard__rep4,45,run,small_only,gsm_hard,eval,4,done,0,1791563830583,1791565172559,1341.976,134500.71392822266,50;51,gpu0:8974MiB;gpu0:6460MiB;gpu1:8276MiB;gpu1:3934MiB;gpu1:514MiB,True,True,200,0,0.515,6707.00928178936,836.4518314300018,43.06782945736434,27.112087627205295,15905.0,35269861376.0,results/main/045_small_only__gsm_hard__rep4
046_idle__rep4,46,idle,,,,4,done,0,1791565232750,1791565293219,60.469,3162.6822662353516,35;50,gpu0:8974MiB;gpu0:6460MiB;gpu1:8276MiB;gpu1:3934MiB;gpu1:514MiB,True,True,,,,,,0.0,0.5059727441938903,15905.0,35056394240.0,results/main/046_idle__rep4
047_cascade__mmlu_pro__rep1,47,run,cascade,mmlu_pro,eval,1,done,0,1791565353288,1791571115620,5762.332,584741.4455108643,34;41,gpu0:8974MiB;gpu0:6460MiB;gpu1:8276MiB;gpu1:3934MiB;gpu1:514MiB,True,True,200,0,0.59,28809.085468901034,4603.810272249962,46.138110613477764,26.97349652599031,15905.0,35916345344.0,results/main/047_cascade__mmlu_pro__rep1
048_matrix_factorization__mmlu_pro__rep1,48,run,matrix_factorization,mmlu_pro,eval,1,done,0,1791571176270,1791578908830,7732.56,785990.4858856201,45;52,gpu0:8974MiB;gpu0:6460MiB;gpu1:8276MiB;gpu1:3934MiB;gpu1:514MiB,True,True,200,0,0.555,38659.91008587909,6642.526410304997,48.24259398204445,27.049104152301428,15905.0,35176247296.0,results/main/048_matrix_factorization__mmlu_pro__rep1
049_medium_only__gsm_hard__rep2,49,run,medium_only,gsm_hard,eval,2,done,0,1791578969671,1791581163512,2193.841,218927.9100189209,51;52,gpu0:8974MiB;gpu0:6460MiB;gpu1:8276MiB;gpu1:3934MiB;gpu1:514MiB,True,True,200,0,0.5,10966.41893524531,1531.6044302000114,45.66341418931242,26.765569259022765,15905.0,33035177984.0,results/main/049_medium_only__gsm_hard__rep2
050_large_only__mmlu_pro__rep2,50,run,large_only,mmlu_pro,eval,2,done,0,1791581223785,1791589509305,8285.52,839672.7343902588,50;40,gpu0:8974MiB;gpu0:6460MiB;gpu1:8276MiB;gpu1:3934MiB;gpu1:514MiB,True,True,200,0,0.565,41424.36335389502,7140.794610439909,48.33910418930339,26.943550319088143,15905.0,33229930496.0,results/main/050_large_only__mmlu_pro__rep2
051_cascade__mmlu_pro__rep2,51,run,cascade,mmlu_pro,eval,2,done,0,1791589570199,1791595351735,5781.536,584707.4284210205,50;51,gpu0:8974MiB;gpu0:6460MiB;gpu1:8276MiB;gpu1:3934MiB;gpu1:514MiB,True,True,200,0,0.58,28904.66080830025,4619.132756884978,46.13147513754801,26.939541568695187,15905.0,33726427136.0,results/main/051_cascade__mmlu_pro__rep2
052_medium_only__gsm_hard__rep5,52,run,medium_only,gsm_hard,eval,5,done,0,1791595412382,1791597606418,2194.036,219689.36862182617,45;52,gpu0:8974MiB;gpu0:6460MiB;gpu1:8276MiB;gpu1:3934MiB;gpu1:514MiB,True,True,200,0,0.5,10967.55721475929,1531.8585646399954,45.644022978024985,26.75481056522541,15905.0,33385828352.0,results/main/052_medium_only__gsm_hard__rep5
053_small_only__gsm_hard__rep1,53,run,small_only,gsm_hard,eval,1,done,0,1791597666693,1791599007648,1340.955,134778.20053100586,50;40,gpu0:8974MiB;gpu0:6460MiB;gpu1:8276MiB;gpu1:3934MiB;gpu1:514MiB,True,True,200,0,0.515,6701.934394154523,833.899781475005,43.11561987169924,27.075653682258768,15905.0,33312808960.0,results/main/053_small_only__gsm_hard__rep1
054_cascade__gsm_hard__rep1,54,run,cascade,gsm_hard,eval,1,done,0,1791599067838,1791603580560,4512.722,456069.599609375,37;51,gpu0:8974MiB;gpu0:6460MiB;gpu1:8276MiB;gpu1:3934MiB;gpu1:514MiB,True,True,200,0,0.55,22560.883623516133,3642.348652090006,46.23460566564703,27.045201275269932,15905.0,33224617984.0,results/main/054_cascade__gsm_hard__rep1
055_cascade__gsm_hard__rep4,55,run,cascade,gsm_hard,eval,4,done,0,1791603641074,1791608153209,4512.135,457007.5125274658,50;51,gpu0:8974MiB;gpu0:6460MiB;gpu1:8276MiB;gpu1:3934MiB;gpu1:514MiB,True,True,200,0,0.55,22557.473801969605,3644.5083428950124,46.21406402411989,27.04189487866951,15905.0,33144799232.0,results/main/055_cascade__gsm_hard__rep4
