Delta,Time,CORE0_ENERGY (J),CORE0_FREQ (MHZ),CORE0_PSTATE,CORE0_VOLT (V),CORE10_ENERGY (J),CORE10_FREQ (MHZ),CORE10_PSTATE,CORE10_VOLT (V),CORE11_ENERGY (J),CORE11_FREQ (MHZ),CORE11_PSTATE,CORE11_VOLT (V),CORE12_ENERGY (J),CORE12_FREQ (MHZ),CORE12_PSTATE,CORE12_VOLT (V),CORE13_ENERGY (J),CORE13_FREQ (MHZ),CORE13_PSTATE,CORE13_VOLT (V),CORE14_ENERGY (J),CORE14_FREQ (MHZ),CORE14_PSTATE,CORE14_VOLT (V),CORE15_ENERGY (J),CORE15_FREQ (MHZ),CORE15_PSTATE,CORE15_VOLT (V),CORE1_ENERGY (J),CORE1_FREQ (MHZ),CORE1_PSTATE,CORE1_VOLT (V),CORE2_ENERGY (J),CORE2_FREQ (MHZ),CORE2_PSTATE,CORE2_VOLT (V),CORE3_ENERGY (J),CORE3_FREQ (MHZ),CORE3_PSTATE,CORE3_VOLT (V),CORE4_ENERGY (J),CORE4_FREQ (MHZ),CORE4_PSTATE,CORE4_VOLT (V),CORE5_ENERGY (J),CORE5_FREQ (MHZ),CORE5_PSTATE,CORE5_VOLT (V),CORE6_ENERGY (J),CORE6_FREQ (MHZ),CORE6_PSTATE,CORE6_VOLT (V),CORE7_ENERGY (J),CORE7_FREQ (MHZ),CORE7_PSTATE,CORE7_VOLT (V),CORE8_ENERGY (J),CORE8_FREQ (MHZ),CORE8_PSTATE,CORE8_VOLT (V),CORE9_ENERGY (J),CORE9_FREQ (MHZ),CORE9_PSTATE,CORE9_VOLT (V),CPU_ENERGY (J),CPU_FREQUENCY_0,CPU_FREQUENCY_1,CPU_FREQUENCY_10,CPU_FREQUENCY_11,CPU_FREQUENCY_12,CPU_FREQUENCY_13,CPU_FREQUENCY_14,CPU_FREQUENCY_15,CPU_FREQUENCY_16,CPU_FREQUENCY_17,CPU_FREQUENCY_18,CPU_FREQUENCY_19,CPU_FREQUENCY_2,CPU_FREQUENCY_20,CPU_FREQUENCY_21,CPU_FREQUENCY_22,CPU_FREQUENCY_23,CPU_FREQUENCY_24,CPU_FREQUENCY_25,CPU_FREQUENCY_26,CPU_FREQUENCY_27,CPU_FREQUENCY_28,CPU_FREQUENCY_29,CPU_FREQUENCY_3,CPU_FREQUENCY_30,CPU_FREQUENCY_31,CPU_FREQUENCY_4,CPU_FREQUENCY_5,CPU_FREQUENCY_6,CPU_FREQUENCY_7,CPU_FREQUENCY_8,CPU_FREQUENCY_9,CPU_USAGE_0,CPU_USAGE_1,CPU_USAGE_10,CPU_USAGE_11,CPU_USAGE_12,CPU_USAGE_13,CPU_USAGE_14,CPU_USAGE_15,CPU_USAGE_16,CPU_USAGE_17,CPU_USAGE_18,CPU_USAGE_19,CPU_USAGE_2,CPU_USAGE_20,CPU_USAGE_21,CPU_USAGE_22,CPU_USAGE_23,CPU_USAGE_24,CPU_USAGE_25,CPU_USAGE_26,CPU_USAGE_27,CPU_USAGE_28,CPU_USAGE_29,CPU_USAGE_3,CPU_USAGE_30,CPU_USAGE_31,CPU_USAGE_4,CPU_USAGE_5,CPU_USAGE_6,CPU_USAGE_7,CPU_USAGE_8,CPU_USAGE_9,GPU0_MEMORY_TOTAL,GPU0_MEMORY_USED,GPU0_POWER (mWatts),GPU0_TEMPERATURE,GPU0_USAGE,GPU1_MEMORY_TOTAL,GPU1_MEMORY_USED,GPU1_POWER (mWatts),GPU1_TEMPERATURE,GPU1_USAGE,TOTAL_MEMORY,TOTAL_SWAP,USED_MEMORY,USED_SWAP
0,1790686371750,445643.80087280273,3050,0,0.29374999999999996,91901.75103759766,16133.333333333334,0,0.63125,93426.09936523438,16133.333333333334,0,0.63125,96087.34989929199,16133.333333333334,0,0.63125,99082.83239746094,16133.333333333334,0,0.63125,90664.09310913086,16133.333333333334,0,0.63125,88565.01678466797,16133.333333333334,0,0.63125,141019.37313842773,3050,2,0.29374999999999996,146038.48391723633,3050,2,0.29374999999999996,146337.58697509766,3050,2,0.29374999999999996,358510.60621643066,3050,0,0.29374999999999996,141792.18295288086,3050,2,0.29374999999999996,135941.99212646484,3050,2,0.29374999999999996,135994.5037841797,3050,2,0.29374999999999996,94749.93452453613,16133.333333333334,0,0.63125,96891.9287109375,16133.333333333334,2,0.63125,8099652.141677856,5396,5398,2557,400,400,5060,400,400,400,400,400,400,5396,400,400,400,400,400,3249,400,400,400,400,5380,2510,400,400,3815,400,4539,400,2512,3.4482758045196533,3.4482758045196533,0,0,0,6.6666669845581055,0,3.4482758045196533,0,0,0,0,0,0,0,0,3.4482758045196533,0,0,0,0,3.4482758045196533,3.4482758045196533,3.4482758045196533,0,0,0,0,0,3.4482758045196533,0,0,20475,15889,15670,54,0,20475,13174,34460,65,0,66718990336,8589930496,23209013248,524288
199,1790686371750,445644.0455932617,3050,0,0.25624999999999987,91901.75141906738,48800,2,0.625,93426.09971618652,48800,2,0.625,96087.35026550293,48800,2,0.625,99082.83279418945,48800,2,0.625,90664.11421203613,48800,2,0.625,88565.01712036133,48800,2,0.625,141019.41311645508,3050,0,0.25624999999999987,146038.48559570313,3050,0,0.25624999999999987,146337.58767700195,3050,2,0.25624999999999987,358510.60705566406,3050,2,0.25624999999999987,141792.18453979492,3050,2,0.25624999999999987,135941.9926147461,3050,2,0.25624999999999987,135994.50442504883,3050,2,0.25624999999999987,94749.95129394531,48800,2,0.625,96891.92895507813,48800,2,0.625,8099654.443359375,5396,5398,2557,400,400,5060,400,400,400,400,400,400,5396,400,400,400,400,400,3249,400,400,400,400,5380,2510,400,400,3815,400,4539,400,2512,3.4482758045196533,3.4482758045196533,0,0,0,6.6666669845581055,0,3.4482758045196533,0,0,0,0,0,0,0,0,3.4482758045196533,0,0,0,0,3.4482758045196533,3.4482758045196533,3.4482758045196533,0,0,0,0,0,3.4482758045196533,0,0,20475,15889,15670,54,0,20475,13174,34460,65,0,66718990336,8589930496,23205519360,524288
199,1790686371950,445645.8793334961,3050,0,0.2437499999999999,91902.12756347656,48800,2,0.3999999999999999,93426.47457885742,48800,2,0.3999999999999999,96087.72679138184,48800,2,0.56875,99083.20989990234,48800,2,0.56875,90664.37512207031,48800,2,0.56875,88565.2755279541,48800,2,0.56875,141020.04399108887,3050,2,0.2437499999999999,146039.08097839355,3050,2,0.2437499999999999,146338.16650390625,3050,2,0.2437499999999999,358511.2531738281,3050,2,0.2437499999999999,141792.7657775879,3050,2,0.2437499999999999,135942.57121276855,3050,2,0.2437499999999999,135995.0781097412,3050,2,0.2437499999999999,94750.32678222656,48800,2,0.3999999999999999,96892.30178833008,48800,2,0.3999999999999999,8099677.24836731,5396,5398,2557,400,400,5060,400,400,400,400,400,400,5396,400,400,400,400,400,3249,400,400,400,400,5380,2510,400,400,3815,400,4539,400,2512,57.69230651855469,46.153846740722656,23.076923370361328,23.076923370361328,23.076923370361328,23.076923370361328,23.076923370361328,23.076923370361328,61.5384635925293,53.84615707397461,53.84615707397461,51.85185241699219,23.076923370361328,51.85185241699219,51.85185241699219,23.076923370361328,53.84615707397461,51.85185241699219,23.076923370361328,51.85185241699219,53.84615707397461,53.84615707397461,53.84615707397461,23.076923370361328,23.076923370361328,24,53.84615707397461,26.923078536987305,53.84615707397461,23.076923370361328,23.076923370361328,52,20475,15889,15670,54,0,20475,13174,38434,70,86,66718990336,8589930496,23183609856,524288
199,1790686372151,445647.940826416,3050,0,0.2437499999999999,91902.2774810791,16133.333333333334,0,0.40625,93426.62355041504,16133.333333333334,0,0.40625,96087.87805175781,16133.333333333334,0,0.40625,99083.35899353027,16133.333333333334,0,0.40625,90664.52827453613,16133.333333333334,0,0.40625,88565.42642211914,16133.333333333334,0,0.40625,141020.35000610352,3050,0,0.2437499999999999,146039.3930053711,3050,0,0.2437499999999999,146338.43257141113,3050,0,0.2437499999999999,358511.5355834961,3050,0,0.2437499999999999,141793.03581237793,3050,0,0.2437499999999999,135942.8427886963,3050,0,0.2437499999999999,135995.31593322754,3050,0,0.2437499999999999,94750.48049926758,16133.333333333334,0,0.40625,96892.45031738281,16133.333333333334,0,0.40625,8099696.513885498,5396,5398,2557,400,400,5060,400,400,400,400,400,400,5396,400,400,400,400,400,3249,400,400,400,400,5380,2510,400,400,3815,400,4539,400,2512,5,11.111111640930176,0,0,0,0,36.842105865478516,36.842105865478516,100,47.36842346191406,50,47.36842346191406,10,47.36842346191406,47.36842346191406,0,50,47.36842346191406,0,47.36842346191406,50,50,47.36842346191406,0,0,0,5,0,47.619049072265625,0,0,50,20475,15889,15602,54,0,20475,13174,45894,71,87,66718990336,8589930496,23168512000,524288
199,1790686372351,445650.03161621094,3050,0,0.23124999999999996,91902.43273925781,48800,2,0.55,93426.7790222168,48800,2,0.55,96088.03610229492,48800,2,0.55,99083.51332092285,48800,2,0.55,90664.74006652832,48800,2,0.55,88565.6346282959,48800,2,0.55,141020.60209655762,3050,2,0.23124999999999996,146039.73109436035,3050,2,0.23124999999999996,146338.70906066895,3050,2,0.23124999999999996,358511.8020019531,3050,2,0.23124999999999996,141793.31260681152,3050,0,0.23124999999999996,135943.1164703369,3050,0,0.23124999999999996,135995.5620727539,3050,2,0.23124999999999996,94750.63854980469,48800,2,0.55,96892.60485839844,48800,2,0.55,8099716.300369263,5396,5398,2557,400,400,5060,400,400,400,400,400,400,5396,400,400,400,400,400,3249,400,400,400,400,5380,2510,400,400,3815,400,4539,400,2512,0,0,0,0,0,0,47.619049072265625,45,100,47.619049072265625,45,50,10.526315689086914,50,47.36842346191406,0,47.36842346191406,47.36842346191406,0,50,45,47.36842346191406,47.619049072265625,0,0,0,0,0,47.36842346191406,0,0,45,20475,15889,15602,54,0,20475,13174,66784,71,87,66718990336,8589930496,23186300928,524288
199,1790686372551,445652.1495819092,3050,0,0.23750000000000004,91902.59944152832,48800,2,0.93125,93426.93969726563,48800,2,0.93125,96088.19952392578,48800,2,0.93125,99083.6752166748,48800,2,0.93125,90664.94125366211,48800,2,0.93125,88565.81954956055,48800,2,0.93125,141020.90631103516,3050,2,0.23750000000000004,146040.0195159912,3050,2,0.23750000000000004,146338.99476623535,3050,2,0.23750000000000004,358512.20138549805,3050,2,0.23750000000000004,141793.6026611328,3050,2,0.23750000000000004,135943.40663146973,3050,2,0.23750000000000004,135995.8208618164,3050,2,0.23750000000000004,94750.80181884766,48800,2,0.93125,96892.76533508301,48800,2,0.93125,8099736.175231934,5396,5398,2557,400,400,5060,400,400,400,400,400,400,5396,400,400,400,400,400,3249,400,400,400,400,5380,2510,400,400,3815,400,4539,400,2512,0,9.523809432983398,0,0,0,0,47.36842346191406,45,100,52.6315803527832,52.6315803527832,50,0,50,50,0,50,50,0,50,52.6315803527832,50,52.6315803527832,0,0,0,20,0,50,0,0,52.6315803527832,20475,15889,15602,54,0,20475,13174,73590,72,87,66718990336,8589930496,23195590656,524288
199,1790686372751,445654.2621612549,3050,0,0.2437499999999999,91902.75061035156,16133.333333333334,0,0.40625,93427.08790588379,16133.333333333334,0,0.40625,96088.35043334961,16133.333333333334,0,0.40625,99083.82452392578,16133.333333333334,0,0.40625,90665.14831542969,16133.333333333334,0,0.40625,88566.0237121582,16133.333333333334,0,0.40625,141021.20794677734,3050,0,0.2437499999999999,146040.2868499756,3050,0,0.2437499999999999,146339.25929260254,3050,0,0.2437499999999999,358512.53742980957,3050,0,0.2437499999999999,141793.87950134277,3050,0,0.2437499999999999,135943.67460632324,3050,0,0.2437499999999999,135996.0643310547,3050,0,0.2437499999999999,94750.95143127441,16133.333333333334,0,0.40625,96892.91375732422,16133.333333333334,0,0.40625,8099755.779159546,5396,5398,2557,400,400,5060,400,400,400,400,400,400,5396,400,400,400,400,400,3249,400,400,400,400,5380,2510,400,400,3815,400,4539,400,2512,0,9.523809432983398,0,0,0,0,47.36842346191406,45,100,52.6315803527832,52.6315803527832,50,0,50,50,0,50,50,0,50,52.6315803527832,50,52.6315803527832,0,0,0,20,0,50,0,0,52.6315803527832,20475,15889,15602,54,0,20475,13174,78609,72,87,66718990336,8589930496,23195586560,524288
199,1790686372951,445656.3896331787,3050,0,0.2437499999999999,91902.90451049805,16133.333333333334,0,0.6,93427.24351501465,16133.333333333334,0,0.6,96088.50761413574,16133.333333333334,0,0.6,99083.9814453125,16133.333333333334,0,0.40625,90665.3557434082,16133.333333333334,0,0.40625,88566.22819519043,16133.333333333334,0,0.40625,141021.46174621582,3050,0,0.2437499999999999,146040.55740356445,3050,0,0.2437499999999999,146339.52571105957,3050,0,0.2437499999999999,358512.9470977783,3050,0,0.2437499999999999,141794.1556854248,3050,0,0.2437499999999999,135943.9577178955,3050,0,0.2437499999999999,135996.31396484375,3050,0,0.2437499999999999,94751.10664367676,16133.333333333334,0,0.6,96893.06704711914,16133.333333333334,0,0.6,8099775.459289551,5396,5398,2557,400,400,5060,400,400,400,400,400,400,5396,400,400,400,400,400,3249,400,400,400,400,5380,2510,400,400,3815,400,4539,400,2512,0,5,0,0,0,0,48.71794891357422,48.71794891357422,100,47.5,47.5,48.71794891357422,2.4390242099761963,48.71794891357422,50,0,48.71794891357422,32.5,0,48.71794891357422,47.5,48.71794891357422,47.5,0,0,0,10,0,50,0,17.5,50,20475,15889,15602,54,0,20475,13174,113128,72,87,66718990336,8589930496,23192657920,524288
199,1790686373151,445658.5322265625,3050,0,0.23124999999999996,91903.06562805176,48800,2,0.625,93427.40461730957,48800,2,0.625,96088.6724243164,48800,2,0.625,99084.14231872559,48800,2,0.625,90665.57038879395,48800,2,0.625,88566.42723083496,16133.333333333334,2,0.59375,141021.73127746582,3050,2,0.23124999999999996,146040.84030151367,3050,2,0.23124999999999996,146339.80209350586,3050,2,0.23124999999999996,358513.37144470215,3050,2,0.23124999999999996,141794.44093322754,3050,2,0.23124999999999996,135944.22550964355,3050,2,0.23124999999999996,135996.54258728027,3050,2,0.23124999999999996,94751.2629699707,48800,2,0.625,96893.24188232422,48800,2,0.625,8099795.3298950195,5396,5398,2557,400,400,5060,400,400,400,400,400,400,5396,400,400,400,400,400,3249,400,400,400,400,5380,2510,400,400,3815,400,4539,400,2512,10,0,0,0,0,0,38.095237731933594,45,100,52.6315803527832,52.6315803527832,50,0,50,47.36842346191406,0,42.85714340209961,0,5,50,50,50,52.6315803527832,0,10.526315689086914,0,10,0,47.36842346191406,0,50,45,20475,15889,15527,53,0,20475,13174,114034,72,86,66718990336,8589930496,23189110784,524288
199,1790686373351,445660.6590423584,3050,0,0.23750000000000004,91903.22679138184,16133.333333333334,0,0.3999999999999999,93427.56442260742,16133.333333333334,0,0.3999999999999999,96088.8376159668,16133.333333333334,0,0.3999999999999999,99084.30651855469,16133.333333333334,0,0.3999999999999999,90665.78982543945,16133.333333333334,0,0.3999999999999999,88566.64413452148,16133.333333333334,0,0.3999999999999999,141021.98977661133,3050,0,0.23750000000000004,146041.12715148926,3050,0,0.23750000000000004,146340.0770111084,3050,0,0.23750000000000004,358513.71195983887,3050,0,0.23750000000000004,141794.7278289795,3050,0,0.23750000000000004,135944.50512695313,3050,0,0.23750000000000004,135996.80822753906,3050,0,0.23750000000000004,94751.42515563965,16133.333333333334,0,0.3999999999999999,96893.40133666992,16133.333333333334,0,0.3999999999999999,8099815.251373291,5396,5398,2557,400,400,5060,400,400,400,400,400,400,5396,400,400,400,400,400,3249,400,400,400,400,5380,2510,400,400,3815,400,4539,400,2512,10,0,0,0,0,0,38.095237731933594,45,100,52.6315803527832,52.6315803527832,50,0,50,47.36842346191406,0,42.85714340209961,0,5,50,50,50,52.6315803527832,0,10.526315689086914,0,10,0,47.36842346191406,0,50,45,20475,15889,15527,53,0,20475,13174,114164,72,87,66718990336,8589930496,23189110784,524288
199,1790686373551,445662.8016204834,3050,0,0.23750000000000004,91903.3821105957,16133.333333333334,0,0.40625,93427.72109985352,16133.333333333334,0,0.40625,96088.99601745605,16133.333333333334,0,0.40625,99084.4631652832,16133.333333333334,0,0.40625,90666.00112915039,16133.333333333334,0,0.40625,88566.85647583008,16133.333333333334,0,0.40625,141022.23944091797,3050,0,0.23750000000000004,146041.41094970703,3050,0,0.23750000000000004,146340.3477935791,3050,0,0.23750000000000004,358514.056930542,3050,0,0.23750000000000004,141795.00927734375,3050,0,0.23750000000000004,135944.79475402832,3050,0,0.23750000000000004,135997.06637573242,3050,0,0.23750000000000004,94751.5824432373,16133.333333333334,0,0.40625,96893.5559387207,16133.333333333334,0,0.40625,8099835.042800903,5396,5398,2557,400,400,5060,400,400,400,400,400,400,5396,400,400,400,400,400,3249,400,400,400,400,5380,2510,400,400,3815,400,4539,400,2512,0,2.4390242099761963,0,0,0,0,0,50,100,50,50,50,0,50,50,0,50,0,0,50,50,50,50,0,48.780487060546875,0,12.5,0,50,0,51.219512939453125,51.28205490112305,20475,15889,15527,53,0,20475,13174,114314,73,86,66718990336,8589930496,23189106688,524288
199,1790686373751,445664.92546081543,3050,0,0.23750000000000004,91903.53880310059,48800,2,0.93125,93427.8804321289,48800,2,0.93125,96089.1566772461,48800,2,0.925,99084.62283325195,16133.333333333334,2,0.925,90666.21551513672,16133.333333333334,2,0.925,88567.0737915039,16133.333333333334,2,0.925,141022.4959411621,3050,2,0.23124999999999996,146041.68562316895,3050,2,0.23124999999999996,146340.61994934082,3050,0,0.23124999999999996,358514.39164733887,3050,0,0.23124999999999996,141795.29194641113,3050,0,0.23124999999999996,135945.08447265625,3050,2,0.23124999999999996,135997.32929992676,3050,2,0.23124999999999996,94751.74166870117,48800,2,0.93125,96893.71447753906,48800,2,0.93125,8099854.915405273,5396,5398,2557,400,400,5060,400,400,400,400,400,400,5396,400,400,400,400,400,3249,400,400,400,400,5380,2510,400,400,3815,400,4539,400,2512,0,0,0,0,0,0,0,50,100,45,50,47.36842346191406,0,47.36842346191406,50,20,47.36842346191406,20,0,47.36842346191406,50,50,47.36842346191406,0,50,0,10.526315689086914,0,31.57894515991211,0,31.57894515991211,50,20475,15889,15527,53,0,20475,13174,113990,72,83,66718990336,8589930496,23189106688,524288
199,1790686373951,445667.03120422363,3050,0,0.23750000000000004,91903.69694519043,16133.333333333334,0,0.3999999999999999,93428.03901672363,16133.333333333334,0,0.3999999999999999,96089.31605529785,16133.333333333334,0,0.3999999999999999,99084.78121948242,16133.333333333334,0,0.3999999999999999,90666.43154907227,16133.333333333334,0,0.3999999999999999,88567.29136657715,16133.333333333334,0,0.3999999999999999,141022.76750183105,3050,0,0.23750000000000004,146041.95820617676,3050,0,0.23750000000000004,146340.88510131836,3050,0,0.23750000000000004,358514.73039245605,3050,0,0.23750000000000004,141795.57138061523,3050,0,0.23750000000000004,135945.35134887695,3050,0,0.23750000000000004,135997.60885620117,3050,0,0.23750000000000004,94751.89947509766,16133.333333333334,0,0.3999999999999999,96893.87289428711,16133.333333333334,0,0.3999999999999999,8099874.697097778,5396,5398,2557,400,400,5060,400,400,400,400,400,400,5396,400,400,400,400,400,3249,400,400,400,400,5380,2510,400,400,3815,400,4539,400,2512,0,0,0,0,0,0,0,50,100,45,50,47.36842346191406,0,47.36842346191406,50,20,47.36842346191406,20,0,47.36842346191406,50,50,47.36842346191406,0,50,0,10.526315689086914,0,31.57894515991211,0,31.57894515991211,50,20475,15889,15527,53,0,20475,13174,114079,72,87,66718990336,8589930496,23189102592,524288
199,1790686374151,445669.16090393066,3050,0,0.2437499999999999,91903.85054016113,16133.333333333334,0,0.40625,93428.19403076172,16133.333333333334,0,0.40625,96089.47245788574,16133.333333333334,0,0.40625,99084.93843078613,16133.333333333334,0,0.40625,90666.64234924316,16133.333333333334,0,0.40625,88567.5033416748,16133.333333333334,0,0.40625,141023.05462646484,3050,0,0.2437499999999999,146042.2360687256,3050,0,0.23750000000000004,146341.15502929688,3050,0,0.23750000000000004,358515.07612609863,3050,0,0.23750000000000004,141795.8458404541,3050,0,0.23750000000000004,135945.60748291016,3050,0,0.23750000000000004,135997.88981628418,3050,0,0.23750000000000004,94752.05326843262,16133.333333333334,0,0.40625,96894.0269317627,16133.333333333334,0,0.40625,8099894.480499268,5396,5398,2557,400,400,5060,400,400,400,400,400,400,5396,400,400,400,400,400,3249,400,400,400,400,5380,2510,400,400,3815,400,4539,400,2512,77.5,0,0,0,0,0,0,48.71794891357422,22.5,50,48.780487060546875,50,0,50,48.71794891357422,48.780487060546875,50,47.5,0,48.71794891357422,48.71794891357422,47.5,48.780487060546875,2.4390242099761963,48.71794891357422,0,12.5,0,0,0,0,47.5,20475,15889,15471,53,0,20475,13174,114142,72,86,66718990336,8589930496,23189098496,524288
199,1790686374351,445671.29109191895,3050,0,0.23124999999999996,91904.0053100586,48800,2,0.40625,93428.34936523438,16133.333333333334,2,0.55625,96089.63154602051,16133.333333333334,2,0.55625,99085.0951538086,16133.333333333334,0,0.55625,90666.85244750977,16133.333333333334,2,0.55625,88567.71508789063,16133.333333333334,0,0.55625,141023.34051513672,3050,2,0.23124999999999996,146042.51472473145,3050,0,0.23124999999999996,146341.42854309082,3050,0,0.23124999999999996,358515.4189147949,3050,0,0.23124999999999996,141796.1315612793,3050,0,0.23124999999999996,135945.8681793213,3050,2,0.23124999999999996,135998.1675415039,3050,2,0.23124999999999996,94752.2074584961,48800,2,0.40625,96894.1819152832,48800,2,0.40625,8099914.271835327,5396,5398,2557,400,400,5060,400,400,400,400,400,400,5396,400,400,400,400,400,3249,400,400,400,400,5380,2510,400,400,3815,400,4539,400,2512,100,0,0,0,0,0,0,50,0,50,50,50,0,50,52.38095474243164,55,50,50,0,52.38095474243164,50,55,50,0,52.38095474243164,0,10,0,0,0,0,50,20475,15889,15471,53,0,20475,13174,114098,72,86,66718990336,8589930496,23187148800,524288
199,1790686374551,445673.4164276123,3050,0,0.23750000000000004,91904.1668548584,16133.333333333334,0,0.3999999999999999,93428.51710510254,16133.333333333334,0,0.3999999999999999,96089.7974395752,16133.333333333334,0,0.3999999999999999,99085.25843811035,16133.333333333334,0,0.3999999999999999,90667.07122802734,16133.333333333334,0,0.3999999999999999,88567.93753051758,16133.333333333334,0,0.3999999999999999,141023.6342163086,3050,0,0.23750000000000004,146042.7887878418,3050,0,0.23750000000000004,146341.70375061035,3050,0,0.23750000000000004,358515.76834106445,3050,0,0.23750000000000004,141796.4225769043,3050,0,0.23750000000000004,135946.130859375,3050,0,0.23750000000000004,135998.4540863037,3050,0,0.23750000000000004,94752.36770629883,16133.333333333334,0,0.3999999999999999,96894.34362792969,16133.333333333334,0,0.3999999999999999,8099934.201171875,5396,5398,2557,400,400,5060,400,400,400,400,400,400,5396,400,400,400,400,400,3249,400,400,400,400,5380,2510,400,400,3815,400,4539,400,2512,100,0,0,0,0,0,0,50,0,50,50,50,0,50,52.38095474243164,55,50,50,0,52.38095474243164,50,55,50,0,52.38095474243164,0,10,0,0,0,0,50,20475,15889,15471,53,0,20475,13174,114225,72,87,66718990336,8589930496,23187148800,524288
199,1790686374751,445675.5443572998,3050,0,0.2437499999999999,91904.31401062012,16133.333333333334,0,0.40625,93428.66732788086,16133.333333333334,0,0.40625,96089.94673156738,16133.333333333334,0,0.40625,99085.40757751465,16133.333333333334,0,0.40625,90667.27116394043,16133.333333333334,0,0.40625,88568.13987731934,16133.333333333334,0,0.40625,141023.91180419922,3050,0,0.2437499999999999,146043.06190490723,3050,0,0.2437499999999999,146341.95948791504,3050,0,0.2437499999999999,358516.1097564697,3050,0,0.2437499999999999,141796.69720458984,3050,0,0.2437499999999999,135946.37832641602,3050,0,0.2437499999999999,135998.72050476074,3050,0,0.2437499999999999,94752.51402282715,16133.333333333334,0,0.40625,96894.49040222168,16133.333333333334,0,0.40625,8099953.888549805,5396,5398,2557,400,400,5060,400,400,400,400,400,400,5396,400,400,400,400,400,3249,400,400,400,400,5380,2510,400,400,3815,400,4539,400,2512,100,0,0,2.4390242099761963,0,0,0,50,0,50,50,50,0,50,50,47.5,50,50,0,50,50,47.5,50,0,48.71794891357422,2.4390242099761963,14.634145736694336,0,0,0,0,50,20475,15889,15471,53,0,20475,13174,114274,73,86,66718990336,8589930496,23187148800,524288
199,1790686374951,445677.6737976074,3050,0,0.23124999999999996,91904.47752380371,48800,2,0.60625,93428.83374023438,48800,2,0.60625,96090.1089630127,48800,2,0.60625,99085.57122802734,48800,2,0.60625,90667.49011230469,48800,2,0.60625,88568.36064147949,48800,2,0.60625,141024.20349121094,3050,2,0.23124999999999996,146043.34219360352,3050,2,0.23124999999999996,146342.22595214844,3050,0,0.23124999999999996,358516.4566040039,3050,0,0.23124999999999996,141796.97268676758,3050,0,0.23124999999999996,135946.64308166504,3050,2,0.23124999999999996,135999.0054321289,3050,2,0.23124999999999996,94752.67417907715,48800,2,0.60625,96894.65032958984,48800,2,0.60625,8099973.789596558,5396,5398,2557,400,400,5060,400,400,400,400,400,400,5396,400,400,400,400,400,3249,400,400,400,400,5380,2510,400,400,3815,400,4539,400,2512,100,0,0,0,0,0,0,50,0,50,50,50,0,50,50,50,50,50,0,47.36842346191406,50,50,50,0,50,0,10.526315689086914,0,0,0,0,50,20475,15889,15471,53,0,20475,13174,114507,72,86,66718990336,8589930496,23176417280,524288
199,1790686375151,445679.79861450195,3050,0,0.23750000000000004,91904.63557434082,16133.333333333334,0,0.3999999999999999,93428.99365234375,16133.333333333334,0,0.3999999999999999,96090.2738494873,16133.333333333334,0,0.3999999999999999,99085.73457336426,16133.333333333334,0,0.3999999999999999,90667.70703125,16133.333333333334,0,0.3999999999999999,88568.57821655273,16133.333333333334,0,0.3999999999999999,141024.54090881348,3050,0,0.23750000000000004,146043.62483215332,3050,0,0.23750000000000004,146342.5061187744,3050,0,0.23750000000000004,358516.8006439209,3050,0,0.23750000000000004,141797.26443481445,3050,0,0.23750000000000004,135946.90963745117,3050,0,0.23750000000000004,135999.2833404541,3050,0,0.23750000000000004,94752.83615112305,16133.333333333334,0,0.3999999999999999,96894.81005859375,16133.333333333334,0,0.3999999999999999,8099993.692459106,5396,5398,2557,400,400,5060,400,400,400,400,400,400,5396,400,400,400,400,400,3249,400,400,400,400,5380,2510,400,400,3815,400,4539,400,2512,100,0,0,0,0,0,0,50,0,50,50,50,0,50,50,50,50,50,0,47.36842346191406,50,50,50,0,50,0,10.526315689086914,0,0,0,0,50,20475,15889,15428,53,0,20475,13174,114602,73,87,66718990336,8589930496,23185018880,524288
199,1790686375351,445681.926361084,3050,0,0.23750000000000004,91904.78509521484,16133.333333333334,0,0.40625,93429.14424133301,16133.333333333334,0,0.40625,96090.42527770996,16133.333333333334,0,0.40625,99085.88613891602,16133.333333333334,0,0.40625,90667.91003417969,16133.333333333334,0,0.40625,88568.78329467773,16133.333333333334,0,0.40625,141024.90000915527,3050,0,0.23750000000000004,146043.8889465332,3050,0,0.23750000000000004,146342.79844665527,3050,0,0.23750000000000004,358517.152053833,3050,0,0.23750000000000004,141797.54278564453,3050,0,0.23750000000000004,135947.16020202637,3050,0,0.23750000000000004,135999.5523071289,3050,0,0.23750000000000004,94752.98693847656,16133.333333333334,0,0.40625,96894.96095275879,16133.333333333334,0,0.40625,8100013.463973999,5396,5398,2557,400,400,5060,400,400,400,400,400,400,5396,400,400,400,400,400,3249,400,400,400,400,5380,2510,400,400,3815,400,4539,400,2512,100,0,0,0,0,0,0,50,0,50,50,50,0,50,50,50,50,50,0,50,50,50,50,0,50,0,14.634145736694336,0,0,0,0,50,20475,15889,15428,53,0,20475,13174,114560,73,86,66718990336,8589930496,23185018880,524288
199,1790686375552,445684.05770874023,3050,0,0.23124999999999996,91904.94371032715,16133.333333333334,2,0.56875,93429.30323791504,16133.333333333334,0,0.56875,96090.58520507813,16133.333333333334,0,0.56875,99086.04711914063,16133.333333333334,2,0.56875,90668.12371826172,16133.333333333334,2,0.59375,88568.99880981445,48800,2,0.59375,141025.26554870605,3050,2,0.23124999999999996,146044.16464233398,3050,0,0.23124999999999996,146343.14944458008,3050,2,0.23124999999999996,358517.4945220947,3050,2,0.23124999999999996,141797.83016967773,3050,2,0.23124999999999996,135947.42156982422,3050,2,0.23124999999999996,135999.82823181152,3050,2,0.23124999999999996,94753.14981079102,16133.333333333334,0,0.56875,96895.1185913086,16133.333333333334,0,0.56875,8100033.481918335,5396,5398,2557,400,400,5060,400,400,400,400,400,400,5396,400,400,400,400,400,3249,400,400,400,400,5380,2510,400,400,3815,400,4539,400,2512,100,0,0,0,0,0,0,50,0,50,50,50,0,50,50,50,50,50,0,52.38095474243164,50,50,50,0,50,0,10.526315689086914,0,0,0,0,50,20475,15889,15428,53,0,20475,13174,114459,72,86,66718990336,8589930496,23184756736,524288
199,1790686375751,445686.1892089844,3050,0,0.23750000000000004,91905.1029663086,16133.333333333334,0,0.3999999999999999,93429.46438598633,16133.333333333334,0,0.3999999999999999,96090.74685668945,16133.333333333334,0,0.3999999999999999,99086.21081542969,16133.333333333334,0,0.3999999999999999,90668.34115600586,16133.333333333334,0,0.3999999999999999,88569.21762084961,16133.333333333334,0,0.3999999999999999,141025.63932800293,3050,0,0.23750000000000004,146044.44036865234,3050,0,0.23750000000000004,146343.5050201416,3050,0,0.23750000000000004,358517.8426513672,3050,0,0.23750000000000004,141798.12202453613,3050,0,0.23750000000000004,135947.68620300293,3050,0,0.23750000000000004,136000.10191345215,3050,0,0.23750000000000004,94753.31007385254,16133.333333333334,0,0.3999999999999999,96895.27836608887,16133.333333333334,0,0.3999999999999999,8100053.315002441,5396,5398,2557,400,400,5060,400,400,400,400,400,400,5396,400,400,400,400,400,3249,400,400,400,400,5380,2510,400,400,3815,400,4539,400,2512,100,0,0,0,0,0,0,50,0,50,50,50,0,50,50,50,50,50,0,52.38095474243164,50,50,50,0,50,0,10.526315689086914,0,0,0,0,50,20475,15889,15428,53,0,20475,13174,114585,73,87,66718990336,8589930496,23184756736,524288
199,1790686375952,445688.3257446289,3050,0,0.23750000000000004,91905.25039672852,16133.333333333334,0,0.40625,93429.61367797852,16133.333333333334,0,0.40625,96090.89826965332,16133.333333333334,0,0.40625,99086.36305236816,16133.333333333334,0,0.40625,90668.5435180664,16133.333333333334,0,0.40625,88569.42085266113,16133.333333333334,0,0.40625,141025.9913330078,3050,0,0.23750000000000004,146044.69874572754,3050,0,0.23750000000000004,146343.832321167,3050,0,0.23750000000000004,358518.1833343506,3050,0,0.23750000000000004,141798.39949035645,3050,0,0.23750000000000004,135947.9349822998,3050,0,0.23750000000000004,136000.35485839844,3050,0,0.23750000000000004,94753.45971679688,16133.333333333334,0,0.40625,96895.42767333984,16133.333333333334,0,0.40625,8100073.037094116,5396,5398,2557,400,400,5060,400,400,400,400,400,400,5396,400,400,400,400,400,3249,400,400,400,400,5380,2510,400,400,3815,400,4539,400,2512,100,0,0,0,0,0,0,50,0,50,50,50,0,50,50,50,50,50,0,48.71794891357422,50,50,50,2.4390242099761963,50,2.5,12.5,0,0,2.4390242099761963,0,50,20475,15889,15428,53,0,20475,13174,114652,73,87,66718990336,8589930496,23180849152,524288
199,1790686376152,445690.4618835449,3050,0,0.23124999999999996,91905.40356445313,48800,2,0.93125,93429.76753234863,48800,2,0.93125,96091.05557250977,48800,2,0.93125,99086.52116394043,48800,2,0.93125,90668.75146484375,48800,2,0.93125,88569.63088989258,48800,2,0.93125,141026.3543701172,3050,2,0.23124999999999996,146044.9768371582,3050,2,0.23124999999999996,146344.18003845215,3050,2,0.23124999999999996,358518.59465026855,3050,2,0.23124999999999996,141798.66996765137,3050,2,0.23124999999999996,135948.19679260254,3050,2,0.23124999999999996,136000.60556030273,3050,2,0.23124999999999996,94753.61447143555,48800,2,0.93125,96895.58103942871,48800,2,0.93125,8100092.996383667,5396,5398,2557,400,400,5060,400,400,400,400,400,400,5396,400,400,400,400,400,3249,400,400,400,400,5380,2510,400,400,3815,400,4539,400,2512,100,0,0,0,0,0,0,50,0,50,50,50,0,50,50,50,0,50,0,50,50,50,50,0,50,0,19.047618865966797,0,0,50,0,50,20475,15889,15431,53,0,20475,13174,114608,73,87,66718990336,8589930496,23180849152,524288
199,1790686376352,445692.60049438477,3050,0,0.23124999999999996,91905.56513977051,48800,2,0.93125,93429.93193054199,48800,2,0.93125,96091.22264099121,48800,2,0.93125,99086.68785095215,48800,2,0.93125,90668.97076416016,48800,2,0.93125,88569.85241699219,48800,2,0.93125,141026.73208618164,3050,2,0.23124999999999996,146045.26054382324,3050,2,0.23124999999999996,146344.54121398926,3050,2,0.23124999999999996,358519.0146636963,3050,2,0.23124999999999996,141798.94723510742,3050,2,0.23124999999999996,135948.4871826172,3050,2,0.23124999999999996,136000.86756896973,3050,2,0.23124999999999996,94753.78019714355,48800,2,0.93125,96895.74354553223,48800,2,0.93125,8100113.046173096,5396,5398,2557,400,400,5060,400,400,400,400,400,400,5396,400,400,400,400,400,3249,400,400,400,400,5380,2510,400,400,3815,400,4539,400,2512,100,0,0,0,0,0,0,50,0,50,50,50,0,50,50,52.6315803527832,0,50,0,52.38095474243164,50,52.6315803527832,50,0,50,0,10,0,0,50,0,52.6315803527832,20475,15889,15431,53,0,20475,13174,114829,73,87,66718990336,8589930496,23180845056,524288
199,1790686376552,445694.73960876465,3050,0,0.23750000000000004,91905.7223815918,16133.333333333334,0,0.3999999999999999,93430.0916595459,16133.333333333334,0,0.3999999999999999,96091.38642883301,16133.333333333334,0,0.3999999999999999,99086.84870910645,16133.333333333334,0,0.3999999999999999,90669.18334960938,16133.333333333334,0,0.3999999999999999,88570.06745910645,16133.333333333334,0,0.3999999999999999,141027.10165405273,3050,0,0.23750000000000004,146045.5348968506,3050,0,0.23750000000000004,146344.8917541504,3050,0,0.23750000000000004,358519.35137939453,3050,0,0.23750000000000004,141799.22874450684,3050,0,0.23750000000000004,135948.79643249512,3050,0,0.23750000000000004,136001.12158203125,3050,0,0.23750000000000004,94753.9407043457,16133.333333333334,0,0.3999999999999999,96895.90132141113,16133.333333333334,0,0.3999999999999999,8100132.859329224,5396,5398,2557,400,400,5060,400,400,400,400,400,400,5396,400,400,400,400,400,3249,400,400,400,400,5380,2510,400,400,3815,400,4539,400,2512,100,0,0,0,0,0,0,50,0,50,50,50,0,50,50,52.6315803527832,0,50,0,52.38095474243164,50,52.6315803527832,50,0,50,0,10,0,0,50,0,52.6315803527832,20475,15889,15431,53,0,20475,13174,114902,73,87,66718990336,8589930496,23180845056,524288
199,1790686376752,445696.84844970703,3050,0,0.23750000000000004,91905.86814880371,16133.333333333334,0,0.6375,93430.24183654785,16133.333333333334,0,0.6375,96091.5369720459,16133.333333333334,0,0.6375,99086.99732971191,16133.333333333334,0,0.6375,90669.38244628906,16133.333333333334,0,0.6375,88570.26811218262,16133.333333333334,0,0.6375,141027.45518493652,3050,0,0.23750000000000004,146045.80485534668,3050,0,0.23750000000000004,146345.23300170898,3050,0,0.23750000000000004,358519.7409057617,3050,0,0.23750000000000004,141799.5041809082,3050,0,0.23750000000000004,135949.08946228027,3050,0,0.23750000000000004,136001.36352539063,3050,0,0.23750000000000004,94754.0909576416,16133.333333333334,0,0.6375,96896.04818725586,16133.333333333334,0,0.6375,8100152.640151978,5396,5398,2557,400,400,5060,400,400,400,400,400,400,5396,400,400,400,400,400,3249,400,400,400,400,5380,2510,400,400,3815,400,4539,400,2512,100,0,0,0,0,0,0,50,0,50,50,47.5,0,50,50,48.780487060546875,0,50,0,47.5,50,48.780487060546875,48.71794891357422,0,50,0,12.5,0,2.4390242099761963,50,0,48.780487060546875,20475,15889,15431,53,0,20475,13174,114752,73,86,66718990336,8589930496,23180845056,524288
199,1790686376952,445698.9394378662,3050,0,0.23124999999999996,91906.02735900879,48800,2,0.93125,93430.40391540527,48800,2,0.93125,96091.70034790039,48800,2,0.93125,99087.16130065918,48800,2,0.93125,90669.59962463379,48800,2,0.93125,88570.47862243652,48800,2,0.93125,141027.8229827881,3050,2,0.23124999999999996,146046.0887145996,3050,2,0.23124999999999996,146345.57954406738,3050,2,0.23124999999999996,358520.1453399658,3050,2,0.23124999999999996,141799.78260803223,3050,2,0.23124999999999996,135949.39808654785,3050,2,0.23124999999999996,136001.62495422363,3050,2,0.23124999999999996,94754.2525024414,48800,2,0.93125,96896.21173095703,48800,2,0.93125,8100172.591491699,5396,5398,2557,400,400,5060,400,400,400,400,400,400,5396,400,400,400,400,400,3249,400,400,400,400,5380,2510,400,400,3815,400,4539,400,2512,100,0,0,0,0,0,0,50,0,50,50,47.5,0,50,50,48.780487060546875,0,50,0,47.5,50,48.780487060546875,48.71794891357422,0,50,0,12.5,0,2.4390242099761963,50,0,48.780487060546875,20475,15889,15431,53,0,20475,13174,114861,73,87,66718990336,8589930496,23179689984,524288
199,1790686377152,445701.01921081543,3050,0,0.23750000000000004,91906.18864440918,16133.333333333334,0,0.3999999999999999,93430.56512451172,16133.333333333334,0,0.3999999999999999,96091.86190795898,16133.333333333334,0,0.3999999999999999,99087.32417297363,16133.333333333334,0,0.3999999999999999,90669.81620788574,16133.333333333334,0,0.3999999999999999,88570.69567871094,16133.333333333334,0,0.3999999999999999,141028.1926574707,3050,0,0.23750000000000004,146046.36459350586,3050,0,0.23750000000000004,146345.92422485352,3050,0,0.23750000000000004,358520.56663513184,3050,0,0.23750000000000004,141800.06852722168,3050,0,0.23750000000000004,135949.7070159912,3050,0,0.23750000000000004,136001.8823852539,3050,0,0.23750000000000004,94754.41323852539,16133.333333333334,0,0.3999999999999999,96896.42562866211,16133.333333333334,0,0.3999999999999999,8100192.601516724,5396,5398,2557,400,400,5060,400,400,400,400,400,400,5396,400,400,400,400,400,3249,400,400,400,400,5380,2510,400,400,3815,400,4539,400,2512,100,0,0,0,0,0,47.36842346191406,50,0,52.38095474243164,50,55,0,52.38095474243164,50,50,0,50,0,55,50,50,52.38095474243164,0,5,0,15.000000953674316,0,0,50,0,50,20475,15889,15427,52,0,20475,13174,114811,73,87,66718990336,8589930496,23179227136,524288
199,1790686377352,445703.1108856201,3050,0,0.23750000000000004,91906.34454345703,16133.333333333334,0,0.55625,93430.7172241211,16133.333333333334,0,0.55625,96092.01396179199,16133.333333333334,0,0.55625,99087.47608947754,16133.333333333334,0,0.64375,90670.01538085938,16133.333333333334,0,0.64375,88570.89445495605,16133.333333333334,0,0.64375,141028.5484008789,3050,0,0.23750000000000004,146046.63179016113,3050,0,0.23750000000000004,146346.26049804688,3050,0,0.23750000000000004,358520.98405456543,3050,0,0.23750000000000004,141800.34881591797,3050,0,0.23750000000000004,135950.00662231445,3050,0,0.23750000000000004,136002.12846374512,3050,0,0.23750000000000004,94754.56497192383,16133.333333333334,0,0.55625,96896.62799072266,16133.333333333334,0,0.55625,8100212.402709961,5396,5398,2557,400,400,5060,400,400,400,400,400,400,5396,400,400,400,400,400,3249,400,400,400,400,5380,2510,400,400,3815,400,4539,400,2512,100,0,2.4390242099761963,0,0,0,0,51.219512939453125,0,50,50,50,0,50,50,51.219512939453125,0,50,2.4390242099761963,48.780487060546875,50,51.219512939453125,50,0,50,0,10.256410598754883,0,0,50,0,50,20475,15889,15427,52,0,20475,13174,114856,73,87,66718990336,8589930496,23179227136,524288
199,1790686377552,445705.2146759033,3050,0,0.23124999999999996,91906.50798034668,48800,2,0.925,93430.8773651123,48800,2,0.925,96092.17868041992,48800,2,0.925,99087.63990783691,48800,2,0.925,90670.23023986816,16133.333333333334,2,0.925,88571.10877990723,16133.333333333334,2,0.925,141028.91835021973,3050,2,0.23124999999999996,146046.92079162598,3050,2,0.23124999999999996,146346.61360168457,3050,2,0.23124999999999996,358521.41287231445,3050,2,0.23124999999999996,141800.638961792,3050,2,0.23124999999999996,135950.31893920898,3050,0,0.23124999999999996,136002.38873291016,3050,0,0.23124999999999996,94754.72659301758,48800,2,0.925,96896.84216308594,48800,2,0.925,8100232.376602173,5396,5398,2557,400,400,5060,400,400,400,400,400,400,5396,400,400,400,400,400,3249,400,400,400,400,5380,2510,400,400,3815,400,4539,400,2512,100,0,0,0,0,0,0,50,0,50,52.38095474243164,52.38095474243164,4.761904716491699,50,52.38095474243164,50,0,52.38095474243164,0,55,52.38095474243164,50,52.38095474243164,0,52.38095474243164,0,14.285715103149414,0,0,52.38095474243164,0,52.38095474243164,20475,15889,15427,52,0,20475,13174,114917,73,87,66718990336,8589930496,23179227136,524288
199,1790686377752,445707.30014038086,3050,0,0.23124999999999996,91906.67404174805,16133.333333333334,0,0.3999999999999999,93431.04028320313,16133.333333333334,0,0.3999999999999999,96092.34132385254,16133.333333333334,0,0.3999999999999999,99087.80307006836,16133.333333333334,0,0.3999999999999999,90670.44647216797,16133.333333333334,0,0.3999999999999999,88571.32508850098,16133.333333333334,0,0.3999999999999999,141029.29028320313,3050,0,0.23124999999999996,146047.2021636963,3050,0,0.23124999999999996,146346.96115112305,3050,0,0.23124999999999996,358521.83113098145,3050,0,0.23124999999999996,141800.93060302734,3050,0,0.23124999999999996,135950.62754821777,3050,0,0.23124999999999996,136002.6445159912,3050,0,0.23124999999999996,94754.88792419434,16133.333333333334,0,0.3999999999999999,96897.0552520752,16133.333333333334,0,0.3999999999999999,8100252.370742798,5396,5398,2557,400,400,5060,400,400,400,400,400,400,5396,400,400,400,400,400,3249,400,400,400,400,5380,2510,400,400,3815,400,4539,400,2512,100,0,0,0,0,0,0,50,0,50,52.38095474243164,52.38095474243164,4.761904716491699,50,52.38095474243164,50,0,52.38095474243164,0,55,52.38095474243164,50,52.38095474243164,0,52.38095474243164,0,14.285715103149414,0,0,52.38095474243164,0,52.38095474243164,20475,15889,15427,52,0,20475,13174,114903,73,87,66718990336,8589930496,23179223040,524288
199,1790686377952,445709.4069366455,3050,0,0.23750000000000004,91906.83096313477,16133.333333333334,0,0.40625,93431.19340515137,16133.333333333334,0,0.40625,96092.47973632813,16133.333333333334,0,0.40625,99087.96418762207,16133.333333333334,0,0.40625,90670.65316772461,16133.333333333334,0,0.40625,88571.53170776367,16133.333333333334,0,0.40625,141029.65159606934,3050,0,0.23750000000000004,146047.4763031006,3050,0,0.23750000000000004,146347.29823303223,3050,0,0.23750000000000004,358522.2550354004,3050,0,0.23750000000000004,141801.21319580078,3050,0,0.23750000000000004,135950.93055725098,3050,0,0.23750000000000004,136002.89741516113,3050,0,0.23750000000000004,94755.04580688477,16133.333333333334,0,0.40625,96897.26373291016,16133.333333333334,0,0.40625,8100272.207183838,5396,5398,2557,400,400,5060,400,400,400,400,400,400,5396,400,400,400,400,400,3249,400,400,400,400,5380,2510,400,400,3815,400,4539,400,2512,100,0,0,0,4.878048419952393,2.5,0,50,0,50,50,48.71794891357422,0,50,50,50,0,50,0,48.71794891357422,50,43.589744567871094,50,0,48.71794891357422,0,12.820513725280762,0,0,50,0,50,20475,15889,15427,52,0,20475,13174,115288,74,87,66718990336,8589930496,23169413120,524288
199,1790686378152,445711.50285339355,3050,0,0.23124999999999996,91906.98793029785,48800,2,0.575,93431.3490447998,16133.333333333334,2,0.93125,96092.63893127441,16133.333333333334,2,0.93125,99088.12796020508,16133.333333333334,2,0.93125,90670.86280822754,16133.333333333334,2,0.93125,88571.74024963379,16133.333333333334,2,0.93125,141030.01470947266,3050,2,0.23124999999999996,146047.74870300293,3050,2,0.23124999999999996,146347.62982177734,3050,0,0.23124999999999996,358522.6601715088,3050,0,0.23124999999999996,141801.49139404297,3050,0,0.23124999999999996,135951.23043823242,3050,0,0.23124999999999996,136003.15072631836,3050,2,0.23124999999999996,94755.20359802246,48800,2,0.575,96897.47229003906,48800,2,0.575,8100292.123382568,5396,5398,2557,400,400,5060,400,400,400,400,400,400,5396,400,400,400,400,400,3249,400,400,400,400,5380,2510,400,400,3815,400,4539,400,2512,100,0,0,0,47.36842346191406,0,0,47.36842346191406,0,47.36842346191406,47.36842346191406,50,0,47.36842346191406,47.36842346191406,47.36842346191406,0,47.36842346191406,0,47.619049072265625,47.36842346191406,0,47.36842346191406,0,50,0,14.285715103149414,0,0,47.36842346191406,0,47.36842346191406,20475,15889,15415,52,0,20475,13174,115260,73,87,66718990336,8589930496,23178444800,524288
199,1790686378352,445713.5779724121,3050,0,0.23124999999999996,91907.15406799316,16133.333333333334,0,0.3999999999999999,93431.51396179199,16133.333333333334,0,0.3999999999999999,96092.8062133789,16133.333333333334,0,0.3999999999999999,99088.2974243164,48800,2,0.39375000000000004,90671.08531188965,48800,2,0.39375000000000004,88571.96095275879,48800,2,0.39375000000000004,141030.39193725586,3050,0,0.23124999999999996,146048.034866333,3050,0,0.23124999999999996,146347.98222351074,3050,0,0.23124999999999996,358523.0469818115,3050,0,0.23124999999999996,141801.787109375,3050,0,0.23124999999999996,135951.55055236816,3050,0,0.23124999999999996,136003.41479492188,3050,0,0.23124999999999996,94755.37176513672,16133.333333333334,0,0.3999999999999999,96897.69242858887,16133.333333333334,0,0.3999999999999999,8100312.172729492,5396,5398,2557,400,400,5060,400,400,400,400,400,400,5396,400,400,400,400,400,3249,400,400,400,400,5380,2510,400,400,3815,400,4539,400,2512,100,0,0,0,47.36842346191406,0,0,47.36842346191406,0,47.36842346191406,47.36842346191406,50,0,47.36842346191406,47.36842346191406,47.36842346191406,0,47.36842346191406,0,47.619049072265625,47.36842346191406,0,47.36842346191406,0,50,0,14.285715103149414,0,0,47.36842346191406,0,47.36842346191406,20475,15889,15415,52,0,20475,13174,115227,73,87,66718990336,8589930496,23177138176,524288
199,1790686378552,445715.6768798828,3050,0,0.23750000000000004,91907.30590820313,16133.333333333334,0,0.40625,93431.66664123535,16133.333333333334,0,0.40625,96092.96348571777,16133.333333333334,0,0.40625,99088.45388793945,16133.333333333334,0,0.40625,90671.28895568848,16133.333333333334,0,0.40625,88572.16334533691,16133.333333333334,0,0.40625,141030.75372314453,3050,0,0.23750000000000004,146048.31893920898,3050,0,0.23750000000000004,146348.31004333496,3050,0,0.23750000000000004,358523.4634246826,3050,0,0.23750000000000004,141802.06637573242,3050,0,0.23750000000000004,135951.87463378906,3050,0,0.23750000000000004,136003.66384887695,3050,0,0.23750000000000004,94755.52352905273,16133.333333333334,0,0.40625,96897.89524841309,16133.333333333334,0,0.40625,8100331.966278076,5396,5398,2557,400,400,5060,400,400,400,400,400,400,5396,400,400,400,400,400,3249,400,400,400,400,5380,2510,400,400,3815,400,4539,400,2512,100,0,0,0,51.219512939453125,0,0,51.219512939453125,0,51.219512939453125,50,50,2.5,51.219512939453125,50,51.219512939453125,0,50,0,51.28205490112305,50,0,50,0,50,0,10.256410598754883,0,0,50,0,50,20475,15889,15415,52,0,20475,13174,115211,74,86,66718990336,8589930496,23177134080,524288
199,1790686378752,445717.76695251465,3050,0,0.23124999999999996,91907.46647644043,48800,2,0.6125,93431.82803344727,48800,2,0.6125,96093.12719726563,48800,2,0.6125,99088.61938476563,48800,2,0.6125,90671.50337219238,48800,2,0.6125,88572.37649536133,48800,2,0.6125,141031.11837768555,3050,2,0.23124999999999996,146048.60038757324,3050,2,0.23124999999999996,146348.65000915527,3050,2,0.23124999999999996,358523.8800506592,3050,0,0.23124999999999996,141802.3497467041,3050,0,0.23124999999999996,135952.18128967285,3050,2,0.23124999999999996,136003.91941833496,3050,2,0.23124999999999996,94755.68441772461,48800,2,0.6125,96898.10702514648,48800,2,0.6125,8100351.939147949,5396,5398,2557,400,400,5060,400,400,400,400,400,400,5396,400,400,400,400,400,3249,400,400,400,400,5380,2510,400,400,3815,400,4539,400,2512,100,0,0,0,47.36842346191406,0,0,47.36842346191406,0,50,50,50,0,50,50,47.36842346191406,0,50,0,50,50,0,50,0,50,0,15.000000953674316,0,0,50,0,50,20475,15889,15415,52,0,20475,13174,115088,73,87,66718990336,8589930496,23177134080,524288
199,1790686378952,445719.8576965332,3050,0,0.23124999999999996,91907.62774658203,48800,2,0.39375000000000004,93431.98933410645,48800,2,0.39375000000000004,96093.29231262207,48800,2,0.39375000000000004,99088.78854370117,48800,2,0.39375000000000004,90671.72096252441,48800,2,0.39375000000000004,88572.59204101563,48800,2,0.39375000000000004,141031.49085998535,3050,2,0.23124999999999996,146048.88139343262,3050,2,0.23124999999999996,146348.99983215332,3050,2,0.23124999999999996,358524.216506958,3050,0,0.23124999999999996,141802.64402770996,3050,0,0.23124999999999996,135952.4924621582,3050,0,0.23124999999999996,136004.18197631836,3050,2,0.23124999999999996,94755.84519958496,48800,2,0.39375000000000004,96898.32096862793,48800,2,0.39375000000000004,8100371.914703369,5396,5398,2557,400,400,5060,400,400,400,400,400,400,5396,400,400,400,400,400,3249,400,400,400,400,5380,2510,400,400,3815,400,4539,400,2512,100,0,0,0,55,0,0,52.38095474243164,0,52.6315803527832,52.38095474243164,52.38095474243164,0,50,52.38095474243164,55,0,52.38095474243164,0,52.38095474243164,52.38095474243164,0,55,0,55,0,10,0,0,52.38095474243164,0,55,20475,15889,15415,52,0,20475,13174,115081,73,87,66718990336,8589930496,23175659520,524288
199,1790686379152,445721.9542388916,3050,0,0.23750000000000004,91907.78407287598,16133.333333333334,0,0.3999999999999999,93432.1462097168,16133.333333333334,0,0.3999999999999999,96093.4515991211,16133.333333333334,0,0.3999999999999999,99088.95080566406,16133.333333333334,0,0.3999999999999999,90671.92987060547,16133.333333333334,0,0.3999999999999999,88572.80093383789,16133.333333333334,0,0.3999999999999999,141031.85525512695,3050,0,0.23750000000000004,146049.15782165527,3050,0,0.23750000000000004,146349.3441772461,3050,0,0.23750000000000004,358524.5590362549,3050,0,0.23750000000000004,141802.9277191162,3050,0,0.23750000000000004,135952.79623413086,3050,0,0.23750000000000004,136004.43368530273,3050,0,0.23750000000000004,94756.00134277344,16133.333333333334,0,0.3999999999999999,96898.5270690918,16133.333333333334,0,0.3999999999999999,8100391.713241577,5396,5398,2557,400,400,5060,400,400,400,400,400,400,5396,400,400,400,400,400,3249,400,400,400,400,5380,2510,400,400,3815,400,4539,400,2512,100,0,0,0,47.619049072265625,0,0,50,0,50,50,50,0,52.38095474243164,50,47.619049072265625,0,50,0,50,50,0,47.619049072265625,0,47.619049072265625,0,15.000000953674316,0,0,50,0,47.619049072265625,20475,15889,15416,52,0,20475,13174,115079,74,87,66718990336,8589930496,23175655424,524288
199,1790686379353,445724.0483703613,3050,0,0.23124999999999996,91907.94458007813,48800,2,0.93125,93432.3070526123,48800,2,0.93125,96093.61633300781,48800,2,0.93125,99089.11528015137,48800,2,0.93125,90672.14433288574,48800,2,0.93125,88573.01461791992,48800,2,0.93125,141032.220993042,3050,2,0.23124999999999996,146049.44932556152,3050,2,0.23124999999999996,146349.6932220459,3050,0,0.23124999999999996,358524.89515686035,3050,0,0.23124999999999996,141803.21406555176,3050,2,0.23124999999999996,135953.1110687256,3050,2,0.23124999999999996,136004.69303894043,3050,2,0.23124999999999996,94756.1596069336,48800,2,0.93125,96898.73822021484,48800,2,0.93125,8100411.684799194,5396,5398,2557,400,400,5060,400,400,400,400,400,400,5396,400,400,400,400,400,3249,400,400,400,400,5380,2510,400,400,3815,400,4539,400,2512,100,0,0,0,52.38095474243164,0,0,52.38095474243164,0,50,50,47.619049072265625,0,50,50,52.38095474243164,0,50,0,47.619049072265625,50,0,50,0,50,0,14.285715103149414,0,0,50,0,50,20475,15889,15416,52,0,20475,13174,115049,73,87,66718990336,8589930496,23171764224,524288
199,1790686379553,445726.1816558838,3050,0,0.22499999999999987,91908.10763549805,48800,2,0.93125,93432.47186279297,48800,2,0.93125,96093.7890625,48800,2,0.93125,99089.28642272949,48800,2,0.93125,90672.36148071289,48800,2,0.93125,88573.23210144043,48800,2,0.93125,141032.59391784668,3050,2,0.22499999999999987,146049.7342224121,3050,2,0.22499999999999987,146350.0425415039,3050,2,0.22499999999999987,358525.28021240234,3050,2,0.22499999999999987,141803.50434875488,3050,2,0.22499999999999987,135953.43159484863,3050,2,0.22499999999999987,136004.95498657227,3050,2,0.22499999999999987,94756.32109069824,48800,2,0.93125,96898.95390319824,48800,2,0.93125,8100431.792114258,5396,5398,2557,400,400,5060,400,400,400,400,400,400,5396,400,400,400,400,400,3249,400,400,400,400,5380,2510,400,400,3815,400,4539,400,2512,100,0,0,0,52.6315803527832,0,0,50,0,52.38095474243164,52.38095474243164,55,0,52.38095474243164,52.38095474243164,50,0,52.38095474243164,0,55,52.38095474243164,0,52.38095474243164,0,52.38095474243164,0,10.526315689086914,0,0,52.38095474243164,0,52.38095474243164,20475,15889,15416,52,0,20475,13174,115247,74,87,66718990336,8589930496,23171764224,524288
199,1790686379753,445728.2745361328,3050,0,0.23750000000000004,91908.26080322266,16133.333333333334,0,0.40625,93432.6252746582,16133.333333333334,0,0.40625,96093.94779968262,16133.333333333334,0,0.40625,99089.44757080078,16133.333333333334,0,0.40625,90672.57568359375,16133.333333333334,0,0.40625,88573.43536376953,16133.333333333334,0,0.40625,141032.95231628418,3050,0,0.23750000000000004,146050.00827026367,3050,0,0.23750000000000004,146350.37145996094,3050,0,0.23750000000000004,358525.6960144043,3050,0,0.23750000000000004,141803.7848815918,3050,0,0.23750000000000004,135953.73127746582,3050,0,0.23750000000000004,136005.20152282715,3050,0,0.23750000000000004,94756.4732208252,16133.333333333334,0,0.40625,96899.15649414063,16133.333333333334,0,0.40625,8100451.546340942,5396,5398,2557,400,400,5060,400,400,400,400,400,400,5396,400,400,400,400,400,3249,400,400,400,400,5380,2510,400,400,3815,400,4539,400,2512,100,0,0,0,52.6315803527832,0,0,50,0,52.38095474243164,52.38095474243164,55,0,52.38095474243164,52.38095474243164,50,0,52.38095474243164,0,55,52.38095474243164,0,52.38095474243164,0,52.38095474243164,0,10.526315689086914,0,0,52.38095474243164,0,52.38095474243164,20475,15889,15416,52,0,20475,13174,115131,74,87,66718990336,8589930496,23171760128,524288
199,1790686379953,445730.36251831055,3050,0,0.23124999999999996,91908.42080688477,48800,2,0.59375,93432.78672790527,48800,2,0.56875,96094.11088562012,48800,2,0.56875,99089.61251831055,48800,2,0.56875,90672.79110717773,48800,2,0.56875,88573.6488647461,48800,2,0.56875,141033.3189086914,3050,2,0.23124999999999996,146050.2926940918,3050,2,0.23124999999999996,146350.7102508545,3050,2,0.23124999999999996,358526.11346435547,3050,2,0.23124999999999996,141804.06204223633,3050,2,0.23124999999999996,135954.03845214844,3050,2,0.23124999999999996,136005.45837402344,3050,2,0.23124999999999996,94756.63172912598,48800,2,0.59375,96899.36923217773,48800,2,0.59375,8100471.598526001,5396,5398,2557,400,400,5060,400,400,400,400,400,400,5396,400,400,400,400,400,3249,400,400,400,400,5380,2510,400,400,3815,400,4539,400,2512,100,0,0,0,48.780487060546875,0,2.4390242099761963,50,0,48.71794891357422,50,48.780487060546875,0,50,50,50,0,50,0,48.780487060546875,50,0,50,0,50,0,12.5,0,2.4390242099761963,50,0,50,20475,15889,15416,52,0,20475,13174,115159,73,87,66718990336,8589930496,23170617344,524288
199,1790686380153,445732.4552154541,3050,0,0.23124999999999996,91908.58528137207,16133.333333333334,0,0.3999999999999999,93432.95123291016,16133.333333333334,0,0.3999999999999999,96094.27812194824,16133.333333333334,0,0.3999999999999999,99089.7784576416,16133.333333333334,0,0.3999999999999999,90673.00959777832,16133.333333333334,0,0.3999999999999999,88573.86836242676,16133.333333333334,0,0.3999999999999999,141033.69958496094,3050,0,0.23124999999999996,146050.58206176758,3050,0,0.23124999999999996,146351.05863952637,3050,0,0.23124999999999996,358526.46562194824,3050,0,0.23124999999999996,141804.3546142578,3050,0,0.23124999999999996,135954.35348510742,3050,0,0.23124999999999996,136005.71643066406,3050,0,0.23124999999999996,94756.79309082031,16133.333333333334,0,0.3999999999999999,96899.58682250977,16133.333333333334,0,0.3999999999999999,8100491.518341064,5396,5398,2557,400,400,5060,400,400,400,400,400,400,5396,400,400,400,400,400,3249,400,400,400,400,5380,2510,400,400,3815,400,4539,400,2512,100,0,0,0,48.780487060546875,0,2.4390242099761963,50,0,48.71794891357422,50,48.780487060546875,0,50,50,50,0,50,0,48.780487060546875,50,0,50,0,50,0,12.5,0,2.4390242099761963,50,0,50,20475,15889,15373,52,0,20475,13174,115140,74,87,66718990336,8589930496,23170617344,524288
199,1790686380353,445734.5477294922,3050,0,0.23750000000000004,91908.73936462402,16133.333333333334,0,0.40625,93433.1068572998,16133.333333333334,0,0.40625,96094.43530273438,16133.333333333334,0,0.40625,99089.9418334961,16133.333333333334,0,0.40625,90673.21354675293,16133.333333333334,0,0.40625,88574.07356262207,16133.333333333334,0,0.40625,141034.05604553223,3050,0,0.23750000000000004,146050.8523864746,3050,0,0.23750000000000004,146351.39123535156,3050,0,0.23750000000000004,358526.80947875977,3050,0,0.23750000000000004,141804.62977600098,3050,0,0.23750000000000004,135954.6516418457,3050,0,0.23750000000000004,136005.96505737305,3050,0,0.23750000000000004,94756.9457244873,16133.333333333334,0,0.40625,96899.79183959961,16133.333333333334,0,0.40625,8100511.298782349,5396,5398,2557,400,400,5060,400,400,400,400,400,400,5396,400,400,400,400,400,3249,400,400,400,400,5380,2510,400,400,3815,400,4539,400,2512,100,0,0,0,50,0,0,50,0,51.219512939453125,50,51.28205490112305,0,50,50,50,0,50,0,51.28205490112305,50,2.5,50,0,50,0,12.5,0,0,50,0,50,20475,15889,15373,52,0,20475,13174,115135,74,87,66718990336,8589930496,23170617344,524288
199,1790686380553,445736.6441192627,3050,0,0.23124999999999996,91908.89794921875,48800,2,0.575,93433.26557922363,48800,2,0.575,96094.59928894043,48800,2,0.575,99090.10591125488,48800,2,0.575,90673.4232635498,48800,2,0.575,88574.28482055664,48800,2,0.575,141034.42349243164,3050,2,0.23124999999999996,146051.13653564453,3050,2,0.23124999999999996,146351.73274230957,3050,2,0.23124999999999996,358527.1458892822,3050,2,0.23124999999999996,141804.90145874023,3050,2,0.23124999999999996,135954.9559020996,3050,2,0.23124999999999996,136006.21696472168,3050,2,0.23124999999999996,94757.10513305664,48800,2,0.575,96900.00283813477,48800,2,0.575,8100531.316696167,5396,5398,2557,400,400,5060,400,400,400,400,400,400,5396,400,400,400,400,400,3249,400,400,400,400,5380,2510,400,400,3815,400,4539,400,2512,100,0,0,0,50,0,0,50,0,47.36842346191406,50,47.619049072265625,0,47.36842346191406,50,50,0,50,0,45,50,0,50,0,50,0,10,0,0,50,0,50,20475,15889,15373,52,0,20475,13174,115169,73,87,66718990336,8589930496,23170613248,524288
199,1790686380753,445738.626083374,3050,0,0.2437499999999999,91909.05612182617,16133.333333333334,0,0.40625,93433.42416381836,16133.333333333334,0,0.40625,96094.76040649414,16133.333333333334,0,0.40625,99090.2781829834,16133.333333333334,0,0.40625,90673.63159179688,16133.333333333334,0,0.40625,88574.4953918457,16133.333333333334,0,0.40625,141034.79260253906,3050,0,0.2437499999999999,146051.41424560547,3050,0,0.2437499999999999,146352.07661437988,3050,0,0.2437499999999999,358527.47814941406,3050,0,0.2437499999999999,141805.17289733887,3050,0,0.2437499999999999,135955.25212097168,3050,0,0.2437499999999999,136006.46322631836,3050,0,0.2437499999999999,94757.26322937012,16133.333333333334,0,0.40625,96900.21165466309,16133.333333333334,0,0.40625,8100551.124160767,5396,5398,2557,400,400,5060,400,400,400,400,400,400,5396,400,400,400,400,400,3249,400,400,400,400,5380,2510,400,400,3815,400,4539,400,2512,100,0,0,0,50,0,0,50,0,47.36842346191406,50,47.619049072265625,0,47.36842346191406,50,50,0,50,0,45,50,0,50,0,50,0,10,0,0,50,0,50,20475,15889,15373,52,0,20475,13174,114718,74,79,66718990336,8589930496,23170215936,524288
199,1790686380953,445740.7353668213,3050,0,0.23124999999999996,91909.21774291992,48800,2,0.925,93433.58642578125,48800,2,0.925,96094.92668151855,48800,2,0.925,99090.44448852539,48800,2,0.925,90673.84936523438,48800,2,0.925,88574.71583557129,48800,2,0.925,141035.1678161621,3050,2,0.23124999999999996,146051.7140045166,3050,0,0.23124999999999996,146352.42753601074,3050,2,0.23124999999999996,358527.8244781494,3050,0,0.23124999999999996,141805.4635925293,3050,0,0.23124999999999996,135955.56163024902,3050,2,0.23124999999999996,136006.7278137207,3050,2,0.23124999999999996,94757.4224243164,48800,2,0.925,96900.42657470703,48800,2,0.925,8100571.093887329,5396,5398,2557,400,400,5060,400,400,400,400,400,400,5396,400,400,400,400,400,3249,400,400,400,400,5380,2510,400,400,3815,400,4539,400,2512,100,0,0,0,50,0,0,50,0,51.219512939453125,50,50,2.4390242099761963,51.219512939453125,50,50,0,50,0,51.219512939453125,50,0,50,2.4390242099761963,50,2.4390242099761963,14.634145736694336,0,0,50,2.4390242099761963,50,20475,15889,15373,52,0,20475,13174,114316,74,87,66718990336,8589930496,23164780544,524288
199,1790686381153,445742.8439025879,3050,0,0.23750000000000004,91909.38217163086,16133.333333333334,0,0.3999999999999999,93433.74995422363,16133.333333333334,0,0.3999999999999999,96095.09439086914,16133.333333333334,0,0.3999999999999999,99090.6141204834,16133.333333333334,0,0.3999999999999999,90674.07180786133,16133.333333333334,0,0.3999999999999999,88574.9387512207,16133.333333333334,0,0.3999999999999999,141035.54248046875,3050,0,0.23750000000000004,146052.01988220215,3050,0,0.23750000000000004,146352.77522277832,3050,0,0.23750000000000004,358528.1672821045,3050,0,0.23750000000000004,141805.75448608398,3050,0,0.23750000000000004,135955.8780822754,3050,0,0.23750000000000004,136006.9913330078,3050,0,0.23750000000000004,94757.58210754395,16133.333333333334,0,0.3999999999999999,96900.6429901123,16133.333333333334,0,0.3999999999999999,8100591.081680298,5396,5398,2557,400,400,5060,400,400,400,400,400,400,5396,400,400,400,400,400,3249,400,400,400,400,5380,2510,400,400,3815,400,4539,400,2512,100,0,0,0,50,0,0,50,0,51.219512939453125,50,50,2.4390242099761963,51.219512939453125,50,50,0,50,0,51.219512939453125,50,0,50,2.4390242099761963,50,2.4390242099761963,14.634145736694336,0,0,50,2.4390242099761963,50,20475,15889,15321,52,0,20475,13174,114243,74,87,66718990336,8589930496,23169937408,524288
199,1790686381353,445744.96002197266,3050,0,0.2437499999999999,91909.53718566895,16133.333333333334,0,0.40625,93433.90481567383,16133.333333333334,0,0.40625,96095.24914550781,16133.333333333334,0,0.40625,99090.7723236084,16133.333333333334,0,0.40625,90674.27606201172,16133.333333333334,0,0.40625,88575.14660644531,16133.333333333334,0,0.40625,141035.8991546631,3050,0,0.2437499999999999,146052.31631469727,3050,0,0.2437499999999999,146353.10334777832,3050,0,0.2437499999999999,358528.5030517578,3050,0,0.2437499999999999,141806.03465270996,3050,0,0.2437499999999999,135956.18017578125,3050,0,0.2437499999999999,136007.24116516113,3050,0,0.2437499999999999,94757.73500061035,16133.333333333334,0,0.40625,96900.84660339355,16133.333333333334,0,0.40625,8100610.866821289,5396,5398,2557,400,400,5060,400,400,400,400,400,400,5396,400,400,400,400,400,3249,400,400,400,400,5380,2510,400,400,3815,400,4539,400,2512,100,0,0,0,50,0,0,48.780487060546875,0,48.71794891357422,50,50,0,47.5,48.780487060546875,50,0,50,0,50,50,0,50,0,50,0,10.256410598754883,0,0,50,0,50,20475,15889,15321,52,0,20475,13174,114137,74,87,66718990336,8589930496,23169937408,524288
199,1790686381553,445747.0827331543,3050,0,0.22499999999999987,91909.69557189941,48800,2,0.60625,93434.0630645752,48800,2,0.60625,96095.40858459473,48800,2,0.60625,99090.93545532227,48800,2,0.55625,90674.48652648926,48800,2,0.55625,88575.35932922363,48800,2,0.55625,141036.26638793945,3050,2,0.22499999999999987,146052.60391235352,3050,0,0.22499999999999987,146353.44659423828,3050,2,0.22499999999999987,358528.84425354004,3050,0,0.22499999999999987,141806.32145690918,3050,2,0.22499999999999987,135956.48713684082,3050,0,0.22499999999999987,136007.4967803955,3050,2,0.22499999999999987,94757.8890991211,48800,2,0.60625,96901.05444335938,48800,2,0.60625,8100630.776550293,5396,5398,2557,400,400,5060,400,400,400,400,400,400,5396,400,400,400,400,400,3249,400,400,400,400,5380,2510,400,400,3815,400,4539,400,2512,100,0,0,0,50,0,0,50,0,50,50,50,0,50,50,50,0,50,0,50,50,0,50,0,50,0,15.000000953674316,0,0,47.619049072265625,0,50,20475,15889,15321,52,0,20475,13174,114275,74,87,66718990336,8589930496,23169937408,524288
199,1790686381753,445749.217880249,3050,0,0.23124999999999996,91909.85888671875,48800,2,0.93125,93434.22639465332,48800,2,0.93125,96095.5717010498,48800,2,0.93125,99091.10342407227,48800,2,0.93125,90674.70443725586,48800,2,0.93125,88575.57940673828,48800,2,0.93125,141036.64421081543,3050,2,0.23124999999999996,146052.88496398926,3050,0,0.23124999999999996,146353.78674316406,3050,2,0.23124999999999996,358529.2516479492,3050,0,0.23124999999999996,141806.60488891602,3050,0,0.23124999999999996,135956.80249023438,3050,2,0.23124999999999996,136007.75602722168,3050,2,0.23124999999999996,94758.04783630371,48800,2,0.93125,96901.26802062988,48800,2,0.93125,8100650.833480835,5396,5398,2557,400,400,5060,400,400,400,400,400,400,5396,400,400,400,400,400,3249,400,400,400,400,5380,2510,400,400,3815,400,4539,400,2512,100,0,0,0,52.38095474243164,0,0,55,0,52.38095474243164,50,50,0,55,52.6315803527832,52.38095474243164,0,50,0,50,50,0,50,0,50,0,10,0,0,52.6315803527832,0,50,20475,15889,15321,52,0,20475,13174,114156,74,87,66718990336,8589930496,23169937408,524288
199,1790686381953,445751.33351135254,3050,0,0.23750000000000004,91910.01968383789,16133.333333333334,0,0.3999999999999999,93434.38777160645,16133.333333333334,0,0.3999999999999999,96095.73368835449,16133.333333333334,0,0.3999999999999999,99091.2700805664,16133.333333333334,0,0.3999999999999999,90674.9224243164,16133.333333333334,0,0.3999999999999999,88575.80155944824,16133.333333333334,0,0.3999999999999999,141037.01679992676,3050,0,0.23750000000000004,146053.15576171875,3050,0,0.23750000000000004,146354.12957763672,3050,0,0.23750000000000004,358529.6522064209,3050,0,0.23750000000000004,141806.88861083984,3050,0,0.23750000000000004,135957.10960388184,3050,0,0.23750000000000004,136008.0138092041,3050,0,0.23750000000000004,94758.2085723877,16133.333333333334,0,0.3999999999999999,96901.48129272461,16133.333333333334,0,0.3999999999999999,8100670.828369141,5396,5398,2557,400,400,5060,400,400,400,400,400,400,5396,400,400,400,400,400,3249,400,400,400,400,5380,2510,400,400,3815,400,4539,400,2512,100,0,0,0,52.38095474243164,0,0,55,0,52.38095474243164,50,50,0,55,52.6315803527832,52.38095474243164,0,50,0,50,50,0,50,0,50,0,10,0,0,52.6315803527832,0,50,20475,15889,15321,52,0,20475,13174,115215,74,87,66718990336,8589930496,23168864256,524288
199,1790686382153,445753.4685974121,3050,0,0.23750000000000004,91910.17253112793,16133.333333333334,0,0.40625,93434.54165649414,16133.333333333334,0,0.40625,96095.88734436035,16133.333333333334,0,0.40625,99091.4253692627,16133.333333333334,0,0.40625,90675.12951660156,16133.333333333334,0,0.40625,88576.01084899902,16133.333333333334,0,0.40625,141037.37731933594,3050,0,0.23750000000000004,146053.4269104004,3050,0,0.23750000000000004,146354.45491027832,3050,0,0.23750000000000004,358530.03701782227,3050,0,0.23750000000000004,141807.15771484375,3050,0,0.23750000000000004,135957.4119873047,3050,0,0.23750000000000004,136008.26136779785,3050,0,0.23750000000000004,94758.36100769043,16133.333333333334,0,0.40625,96901.6830291748,16133.333333333334,0,0.40625,8100690.650375366,5396,5398,2557,400,400,5060,400,400,400,400,400,400,5396,400,400,400,400,400,3249,400,400,400,400,5380,2510,400,400,3815,400,4539,400,2512,100,0,0,0,48.71794891357422,0,2.4390242099761963,47.5,0,48.71794891357422,50,50,2.4390242099761963,48.780487060546875,48.780487060546875,48.71794891357422,0,50,0,50,50,0,50,0,50,0,12.5,0,0,48.780487060546875,0,50,20475,15889,15289,51,0,20475,13174,115296,74,87,66718990336,8589930496,23168606208,524288
199,1790686382353,445755.59828186035,3050,0,0.22499999999999987,91910.33131408691,48800,2,0.40625,93434.70433044434,48800,2,0.40625,96096.04797363281,48800,2,0.40625,99091.58821105957,48800,2,0.40625,90675.34616088867,48800,2,0.40625,88576.22834777832,48800,2,0.40625,141037.74447631836,3050,2,0.22499999999999987,146053.71229553223,3050,2,0.22499999999999987,146354.78497314453,3050,2,0.22499999999999987,358530.4189300537,3050,0,0.22499999999999987,141807.4434814453,3050,2,0.22499999999999987,135957.72012329102,3050,2,0.22499999999999987,136008.51510620117,3050,2,0.22499999999999987,94758.51914978027,48800,2,0.40625,96901.89288330078,48800,2,0.40625,8100710.673904419,5396,5398,2557,400,400,5060,400,400,400,400,400,400,5396,400,400,400,400,400,3249,400,400,400,400,5380,2510,400,400,3815,400,4539,400,2512,100,0,0,5,50,0,0,50,0,50,50,50,0,50,50,50,0,50,0,50,47.619049072265625,0,50,0,50,0,10.526315689086914,0,0,50,0,50,20475,15889,15289,51,0,20475,13174,115434,74,87,66718990336,8589930496,23168606208,524288
199,1790686382553,445757.71490478516,3050,0,0.23750000000000004,91910.49691772461,16133.333333333334,0,0.3999999999999999,93434.87942504883,16133.333333333334,0,0.3999999999999999,96096.21612548828,16133.333333333334,0,0.3999999999999999,99091.7534790039,16133.333333333334,0,0.3999999999999999,90675.57572937012,16133.333333333334,0,0.3999999999999999,88576.4535522461,16133.333333333334,0,0.3999999999999999,141038.12910461426,3050,0,0.23750000000000004,146054.00340270996,3050,0,0.23750000000000004,146355.13554382324,3050,0,0.23750000000000004,358530.78157043457,3050,0,0.23750000000000004,141807.73886108398,3050,0,0.23750000000000004,135958.03651428223,3050,0,0.23750000000000004,136008.78047180176,3050,0,0.23750000000000004,94758.68426513672,16133.333333333334,0,0.3999999999999999,96902.11296081543,16133.333333333334,0,0.3999999999999999,8100730.760498047,5396,5398,2557,400,400,5060,400,400,400,400,400,400,5396,400,400,400,400,400,3249,400,400,400,400,5380,2510,400,400,3815,400,4539,400,2512,100,0,0,5,52.38095474243164,0,0,55,0,52.38095474243164,52.38095474243164,50,0,52.6315803527832,55,52.38095474243164,0,50,4.761904716491699,50,52.6315803527832,0,50,0,50,0,10,0,0,55,0,50,20475,15889,15289,51,0,20475,13174,115399,74,86,66718990336,8589930496,23168835584,524288
199,1790686382753,445759.86878967285,3050,0,0.23750000000000004,91910.64926147461,16133.333333333334,0,0.40625,93435.03182983398,16133.333333333334,0,0.40625,96096.37033081055,16133.333333333334,0,0.40625,99091.90676879883,16133.333333333334,0,0.40625,90675.78910827637,16133.333333333334,0,0.40625,88576.6595916748,16133.333333333334,0,0.40625,141038.4928741455,3050,0,0.23750000000000004,146054.28677368164,3050,0,0.23750000000000004,146355.4715423584,3050,0,0.23750000000000004,358531.14834594727,3050,0,0.23750000000000004,141808.0277709961,3050,0,0.23750000000000004,135958.3353729248,3050,0,0.23750000000000004,136009.02815246582,3050,0,0.23750000000000004,94758.8355102539,16133.333333333334,0,0.40625,96902.31756591797,16133.333333333334,0,0.40625,8100750.717651367,5396,5398,2557,400,400,5060,400,400,400,400,400,400,5396,400,400,400,400,400,3249,400,400,400,400,5380,2510,400,400,3815,400,4539,400,2512,100,0,0,0,47.36842346191406,0,0,45,0,47.36842346191406,47.36842346191406,50,0,45,45,47.36842346191406,0,50,0,50,50,0,50,0,50,0,20,0,0,45,0,50,20475,15889,15289,51,0,20475,13174,115177,74,87,66718990336,8589930496,23168823296,524288
199,1790686382954,445762.0259857178,3050,0,0.22499999999999987,91910.80801391602,48800,2,0.93125,93435.18930053711,48800,2,0.93125,96096.52914428711,48800,2,0.93125,99092.06521606445,48800,2,0.93125,90676.005859375,48800,2,0.93125,88576.87074279785,48800,2,0.93125,141038.86083984375,3050,2,0.22499999999999987,146054.56745910645,3050,0,0.22499999999999987,146355.81187438965,3050,2,0.22499999999999987,358531.48432922363,3050,0,0.22499999999999987,141808.3088531494,3050,2,0.22499999999999987,135958.63973999023,3050,2,0.22499999999999987,136009.2889251709,3050,2,0.22499999999999987,94758.99060058594,48800,2,0.93125,96902.5280456543,48800,2,0.93125,8100770.726043701,5396,5398,2557,400,400,5060,400,400,400,400,400,400,5396,400,400,400,400,400,3249,400,400,400,400,5380,2510,400,400,3815,400,4539,400,2512,100,0,0,0,50,0,0,50,0,50,47.619049072265625,50,0,50,50,47.619049072265625,0,47.619049072265625,0,47.36842346191406,47.619049072265625,0,47.619049072265625,0,47.36842346191406,0,14.285715103149414,0,0,50,0,47.619049072265625,20475,15889,15289,51,0,20475,13174,115284,74,87,66718990336,8589930496,23162662912,524288
199,1790686383154,445764.1850128174,3050,0,0.23124999999999996,91910.97286987305,48800,2,0.93125,93435.3522644043,48800,2,0.93125,96096.69515991211,48800,2,0.93125,99092.22929382324,48800,2,0.93125,90676.23181152344,48800,2,0.93125,88577.09118652344,48800,2,0.93125,141039.24157714844,3050,2,0.23124999999999996,146054.849319458,3050,2,0.23124999999999996,146356.1632232666,3050,2,0.23124999999999996,358531.8252258301,3050,0,0.23124999999999996,141808.60469055176,3050,2,0.23124999999999996,135958.95190429688,3050,2,0.23124999999999996,136009.55368041992,3050,2,0.23124999999999996,94759.15577697754,48800,2,0.93125,96902.72645568848,48800,2,0.93125,8100790.811660767,5396,5398,2557,400,400,5060,400,400,400,400,400,400,5396,400,400,400,400,400,3249,400,400,400,400,5380,2510,400,400,3815,400,4539,400,2512,47.619049072265625,0,0,0,52.38095474243164,0,0,52.38095474243164,50,52.38095474243164,52.6315803527832,50,0,52.38095474243164,50,55,0,52.6315803527832,0,52.38095474243164,52.6315803527832,0,52.6315803527832,0,52.38095474243164,0,15.000000953674316,0,0,52.6315803527832,0,52.6315803527832,20475,15889,15290,51,0,20475,13174,115232,74,87,66718990336,8589930496,23167152128,524288
199,1790686383354,445766.34942626953,3050,0,0.23750000000000004,91911.13270568848,16133.333333333334,0,0.3999999999999999,93435.51062011719,16133.333333333334,0,0.3999999999999999,96096.85205078125,16133.333333333334,0,0.3999999999999999,99092.38766479492,16133.333333333334,0,0.3999999999999999,90676.44895935059,16133.333333333334,0,0.3999999999999999,88577.30647277832,16133.333333333334,0,0.3999999999999999,141039.61596679688,3050,0,0.23750000000000004,146055.12657165527,3050,0,0.23750000000000004,146356.5043334961,3050,0,0.23750000000000004,358532.1647644043,3050,0,0.23750000000000004,141808.89288330078,3050,0,0.23750000000000004,135959.25622558594,3050,0,0.23750000000000004,136009.8122253418,3050,0,0.23750000000000004,94759.3158569336,16133.333333333334,0,0.3999999999999999,96902.9175567627,16133.333333333334,0,0.3999999999999999,8100810.741622925,5396,5398,2557,400,400,5060,400,400,400,400,400,400,5396,400,400,400,400,400,3249,400,400,400,400,5380,2510,400,400,3815,400,4539,400,2512,47.619049072265625,0,0,0,52.38095474243164,0,0,52.38095474243164,50,52.38095474243164,52.6315803527832,50,0,52.38095474243164,50,55,0,52.6315803527832,0,52.38095474243164,52.6315803527832,0,52.6315803527832,0,52.38095474243164,0,15.000000953674316,0,0,52.6315803527832,0,52.6315803527832,20475,15889,15290,51,0,20475,13174,115340,74,87,66718990336,8589930496,23167148032,524288
199,1790686383554,445768.50787353516,3050,0,0.23750000000000004,91911.28956604004,16133.333333333334,0,0.40625,93435.6651763916,16133.333333333334,0,0.40625,96097.00968933105,16133.333333333334,0,0.40625,99092.54527282715,16133.333333333334,0,0.40625,90676.66342163086,16133.333333333334,0,0.40625,88577.51696777344,16133.333333333334,0,0.40625,141039.9776763916,3050,0,0.23750000000000004,146055.3971710205,3050,0,0.23750000000000004,146356.84594726563,3050,0,0.23750000000000004,358532.50228881836,3050,0,0.23750000000000004,141809.1675415039,3050,0,0.23750000000000004,135959.5545654297,3050,0,0.23750000000000004,136010.0650024414,3050,0,0.23750000000000004,94759.47415161133,16133.333333333334,0,0.40625,96903.10342407227,16133.333333333334,0,0.40625,8100830.6759643555,5396,5398,2557,400,400,5060,400,400,400,400,400,400,5396,400,400,400,400,400,3249,400,400,400,400,5380,2510,400,400,3815,400,4539,400,2512,0,0,0,0,48.71794891357422,0,0,48.71794891357422,100,50,50,50,0,50,50,48.71794891357422,0,48.780487060546875,0,50,48.780487060546875,0,50,0,50,0,10.256410598754883,0,0,48.780487060546875,0,50,20475,15889,15290,51,0,20475,13174,115222,74,87,66718990336,8589930496,23166382080,524288
199,1790686383754,445770.66636657715,3050,0,0.22499999999999987,91911.4566192627,16133.333333333334,2,0.59375,93435.83071899414,16133.333333333334,0,0.59375,96097.17822265625,16133.333333333334,2,0.59375,99092.71380615234,16133.333333333334,2,0.625,90676.89080810547,16133.333333333334,2,0.625,88577.74139404297,16133.333333333334,2,0.625,141040.35711669922,3050,2,0.22499999999999987,146055.68551635742,3050,2,0.22499999999999987,146357.20010375977,3050,0,0.22499999999999987,358532.84730529785,3050,2,0.22499999999999987,141809.44332885742,3050,2,0.22499999999999987,135959.8715209961,3050,0,0.22499999999999987,136010.32968139648,3050,0,0.22499999999999987,94759.64128112793,16133.333333333334,0,0.59375,96903.30305480957,16133.333333333334,0,0.59375,8100850.902999878,5396,5398,2557,400,400,5060,400,400,400,400,400,400,5396,400,400,400,400,400,3249,400,400,400,400,5380,2510,400,400,3815,400,4539,400,2512,0,0,0,0,50,0,0,50,100,50,50,50,0,50,50,50,0,52.6315803527832,0,50,50,0,50,0,50,0,14.285715103149414,0,0,50,0,50,20475,15889,15290,51,0,20475,13174,115527,74,87,66718990336,8589930496,23166382080,524288
199,1790686383954,445772.82556152344,3050,0,0.23124999999999996,91911.61740112305,16133.333333333334,0,0.3999999999999999,93435.99053955078,16133.333333333334,0,0.3999999999999999,96097.34028625488,16133.333333333334,0,0.3999999999999999,99092.87886047363,16133.333333333334,0,0.3999999999999999,90677.11143493652,16133.333333333334,0,0.3999999999999999,88577.95555114746,16133.333333333334,0,0.3999999999999999,141040.73168945313,3050,0,0.23124999999999996,146055.9656677246,3050,0,0.23124999999999996,146357.54664611816,3050,0,0.23124999999999996,358533.1827545166,3050,0,0.23124999999999996,141809.71713256836,3050,0,0.23124999999999996,135960.1777191162,3050,0,0.23124999999999996,136010.58822631836,3050,0,0.23124999999999996,94759.80154418945,16133.333333333334,0,0.3999999999999999,96903.50328063965,16133.333333333334,0,0.3999999999999999,8100870.858184814,5396,5398,2557,400,400,5060,400,400,400,400,400,400,5396,400,400,400,400,400,3249,400,400,400,400,5380,2510,400,400,3815,400,4539,400,2512,0,0,0,0,50,0,0,50,100,50,50,50,0,50,50,50,0,52.6315803527832,0,50,50,0,50,0,50,0,14.285715103149414,0,0,50,0,50,20475,15889,15290,51,0,20475,13174,115550,74,87,66718990336,8589930496,23165009920,524288
199,1790686384154,445774.98765563965,3050,0,0.23750000000000004,91911.77374267578,16133.333333333334,0,0.40625,93436.1460723877,16133.333333333334,0,0.40625,96097.50010681152,16133.333333333334,0,0.40625,99093.03800964355,16133.333333333334,0,0.40625,90677.32446289063,16133.333333333334,0,0.40625,88578.16366577148,16133.333333333334,0,0.40625,141041.09916687012,3050,0,0.23750000000000004,146056.23722839355,3050,0,0.23750000000000004,146357.88945007324,3050,0,0.23750000000000004,358533.52546691895,3050,0,0.23750000000000004,141809.9993133545,3050,0,0.23750000000000004,135960.48252868652,3050,0,0.23750000000000004,136010.84594726563,3050,0,0.23750000000000004,94759.95698547363,16133.333333333334,0,0.40625,96903.69219970703,16133.333333333334,0,0.40625,8100890.768600464,5396,5398,2557,400,400,5060,400,400,400,400,400,400,5396,400,400,400,400,400,3249,400,400,400,400,5380,2510,400,400,3815,400,4539,400,2512,0,0,0,0,52.38095474243164,0,0,51.219512939453125,100,50,50,50,0,50,50,50,0,50,2.4390242099761963,50,51.28205490112305,0,50,0,50,0,10.256410598754883,0,0,50,0,50,20475,15889,15305,51,0,20475,13174,115583,74,87,66718990336,8589930496,23165009920,524288
199,1790686384354,445777.16342163086,3050,0,0.22499999999999987,91911.92970275879,48800,2,0.93125,93436.30158996582,48800,2,0.93125,96097.66101074219,48800,2,0.93125,99093.1978302002,48800,2,0.93125,90677.53788757324,48800,2,0.93125,88578.37138366699,48800,2,0.93125,141041.46714782715,3050,2,0.22499999999999987,146056.51229858398,3050,2,0.22499999999999987,146358.2272796631,3050,2,0.22499999999999987,358533.8581542969,3050,2,0.22499999999999987,141810.2713470459,3050,2,0.22499999999999987,135960.78257751465,3050,2,0.22499999999999987,136011.10203552246,3050,2,0.22499999999999987,94760.11293029785,48800,2,0.93125,96903.88070678711,48800,2,0.93125,8100910.828155518,5396,5398,2557,400,400,5060,400,400,400,400,400,400,5396,400,400,400,400,400,3249,400,400,400,400,5380,2510,400,400,3815,400,4539,400,2512,0,0,0,0,47.36842346191406,0,0,47.36842346191406,100,50,47.619049072265625,50,0,50,50,47.619049072265625,0,47.619049072265625,0,50,47.619049072265625,0,47.619049072265625,0,50,0,15.000000953674316,0,0,50,0,47.619049072265625,20475,15889,15305,51,0,20475,13174,115690,75,87,66718990336,8589930496,23165009920,524288
199,1790686384554,445779.3100280762,3050,0,0.22499999999999987,91912.09832763672,48800,2,0.59375,93436.46655273438,48800,2,0.59375,96097.8278503418,48800,2,0.59375,99093.36660766602,48800,2,0.59375,90677.76472473145,48800,2,0.59375,88578.59252929688,48800,2,0.59375,141041.8495941162,3050,2,0.22499999999999987,146056.7974243164,3050,2,0.22499999999999987,146358.58584594727,3050,2,0.22499999999999987,358534.20587158203,3050,2,0.22499999999999987,141810.55934143066,3050,2,0.22499999999999987,135961.10047912598,3050,0,0.22499999999999987,136011.3733215332,3050,2,0.22499999999999987,94760.28004455566,16133.333333333334,2,0.925,96904.08010864258,16133.333333333334,2,0.59375,8100930.9172821045,5396,5398,2557,400,400,5060,400,400,400,400,400,400,5396,400,400,400,400,400,3249,400,400,400,400,5380,2510,400,400,3815,400,4539,400,2512,0,0,0,0,52.38095474243164,0,0,52.38095474243164,100,50,52.6315803527832,50,0,50,50,52.6315803527832,0,52.6315803527832,0,50,50,0,52.6315803527832,0,50,0,14.285715103149414,0,0,50,0,52.6315803527832,20475,15889,15305,51,0,20475,13174,115706,74,87,66718990336,8589930496,23165009920,524288
199,1790686384754,445781.4737548828,3050,0,0.23750000000000004,91912.26083374023,16133.333333333334,0,0.3999999999999999,93436.62619018555,16133.333333333334,0,0.3999999999999999,96097.98770141602,16133.333333333334,0,0.3999999999999999,99093.53073120117,16133.333333333334,0,0.3999999999999999,90677.98503112793,16133.333333333334,0,0.3999999999999999,88578.80686950684,16133.333333333334,0,0.3999999999999999,141042.22259521484,3050,0,0.23750000000000004,146057.07983398438,3050,0,0.23750000000000004,146358.9323272705,3050,0,0.23750000000000004,358534.54386901855,3050,0,0.23750000000000004,141810.84880065918,3050,0,0.23750000000000004,135961.4094390869,3050,0,0.23750000000000004,136011.6339263916,3050,0,0.23750000000000004,94760.44296264648,16133.333333333334,0,0.3999999999999999,96904.27436828613,16133.333333333334,0,0.3999999999999999,8100950.88293457,5396,5398,2557,400,400,5060,400,400,400,400,400,400,5396,400,400,400,400,400,3249,400,400,400,400,5380,2510,400,400,3815,400,4539,400,2512,0,0,0,0,52.38095474243164,0,0,52.38095474243164,100,50,52.6315803527832,50,0,50,50,52.6315803527832,0,52.6315803527832,0,50,50,0,52.6315803527832,0,50,0,14.285715103149414,0,0,50,0,52.6315803527832,20475,15889,15305,51,0,20475,13174,115807,75,87,66718990336,8589930496,23165005824,524288
199,1790686384954,445783.62548828125,3050,0,0.23750000000000004,91912.41772460938,16133.333333333334,0,0.40625,93436.78024291992,16133.333333333334,0,0.40625,96098.14109802246,16133.333333333334,0,0.40625,99093.68725585938,16133.333333333334,0,0.40625,90678.20161437988,16133.333333333334,0,0.40625,88579.01699829102,16133.333333333334,0,0.40625,141042.58909606934,3050,0,0.23750000000000004,146057.34992980957,3050,0,0.23750000000000004,146359.26904296875,3050,0,0.23750000000000004,358534.88801574707,3050,0,0.23750000000000004,141811.1243133545,3050,0,0.23750000000000004,135961.70976257324,3050,0,0.23750000000000004,136011.88623046875,3050,0,0.23750000000000004,94760.60014343262,16133.333333333334,0,0.40625,96904.45980834961,16133.333333333334,0,0.40625,8100970.868469238,5396,5398,2557,400,400,5060,400,400,400,400,400,400,5396,400,400,400,400,400,3249,400,400,400,400,5380,2510,400,400,3815,400,4539,400,2512,27.5,0,0,0,48.71794891357422,0,0,48.71794891357422,72.5,50,50,50,0,50,50,50,0,50,0,50,50,0,50,0,50,0,12.5,0,0,50,0,50,20475,15889,15305,51,0,20475,13174,115848,74,87,66718990336,8589930496,23158525952,524288
199,1790686385154,445785.77532958984,3050,0,0.22499999999999987,91912.57862854004,48800,2,0.40625,93436.9356842041,48800,2,0.40625,96098.30490112305,48800,2,0.40625,99093.86897277832,48800,2,0.40625,90678.41700744629,48800,2,0.40625,88579.22273254395,48800,2,0.40625,141042.95574951172,3050,2,0.22499999999999987,146057.64001464844,3050,2,0.22499999999999987,146359.6195526123,3050,2,0.22499999999999987,358535.2124633789,3050,2,0.22499999999999987,141811.4382019043,3050,2,0.22499999999999987,135962.01795959473,3050,2,0.22499999999999987,136012.13972473145,3050,2,0.22499999999999987,94760.76473999023,48800,2,0.40625,96904.64671325684,48800,2,0.40625,8100990.865142822,5396,5398,2557,400,400,5060,400,400,400,400,400,400,5396,400,400,400,400,400,3249,400,400,400,400,5380,2510,400,400,3815,400,4539,400,2512,100,0,0,0,50,0,0,50,0,47.36842346191406,47.619049072265625,50,0,47.36842346191406,50,47.619049072265625,0,47.619049072265625,0,47.36842346191406,50,0,47.619049072265625,0,50,0,10.526315689086914,0,0,50,0,47.619049072265625,20475,15889,15311,51,0,20475,13174,115873,75,87,66718990336,8589930496,23163420672,524288
199,1790686385354,445787.9249725342,3050,0,0.23124999999999996,91912.75242614746,48800,2,0.93125,93437.10293579102,48800,2,0.93125,96098.47846984863,48800,2,0.93125,99094.0446472168,48800,2,0.93125,90678.64985656738,48800,2,0.93125,88579.44721984863,48800,2,0.93125,141043.34182739258,3050,2,0.23124999999999996,146057.92999267578,3050,2,0.23124999999999996,146359.9895172119,3050,0,0.23124999999999996,358535.61291503906,3050,0,0.23124999999999996,141811.7339630127,3050,0,0.23124999999999996,135962.333984375,3050,2,0.23124999999999996,136012.40698242188,3050,2,0.23124999999999996,94760.93663024902,48800,2,0.93125,96904.85034179688,48800,2,0.93125,8101011.107452393,5396,5398,2557,400,400,5060,400,400,400,400,400,400,5396,400,400,400,400,400,3249,400,400,400,400,5380,2510,400,400,3815,400,4539,400,2512,100,0,0,0,50,0,0,50,0,52.38095474243164,52.6315803527832,50,0,52.38095474243164,50,52.6315803527832,0,52.6315803527832,0,52.38095474243164,52.6315803527832,0,52.6315803527832,0,50,0,10,0,0,50,0,52.6315803527832,20475,15889,15311,51,0,20475,13174,115882,74,87,66718990336,8589930496,23163416576,524288
199,1790686385554,445790.01708984375,3050,0,0.23750000000000004,91912.91499328613,16133.333333333334,0,0.3999999999999999,93437.2612915039,16133.333333333334,0,0.3999999999999999,96098.63691711426,16133.333333333334,0,0.3999999999999999,99094.20684814453,16133.333333333334,0,0.3999999999999999,90678.86888122559,16133.333333333334,0,0.3999999999999999,88579.65885925293,16133.333333333334,0,0.3999999999999999,141043.710647583,3050,0,0.23750000000000004,146058.20280456543,3050,0,0.23750000000000004,146360.32720947266,3050,0,0.23750000000000004,358535.9447631836,3050,0,0.23750000000000004,141812.00811767578,3050,0,0.23750000000000004,135962.63484191895,3050,0,0.23750000000000004,136012.65850830078,3050,0,0.23750000000000004,94761.0972442627,16133.333333333334,0,0.3999999999999999,96905.03994750977,16133.333333333334,0,0.3999999999999999,8101031.019699097,5396,5398,2557,400,400,5060,400,400,400,400,400,400,5396,400,400,400,400,400,3249,400,400,400,400,5380,2510,400,400,3815,400,4539,400,2512,100,0,0,0,50,0,0,50,0,52.38095474243164,52.6315803527832,50,0,52.38095474243164,50,52.6315803527832,0,52.6315803527832,0,52.38095474243164,52.6315803527832,0,52.6315803527832,0,50,0,10,0,0,50,0,52.6315803527832,20475,15889,15311,51,0,20475,13174,115668,74,86,66718990336,8589930496,23162748928,524288
199,1790686385754,445792.1159057617,3050,0,0.23124999999999996,91913.07897949219,48800,2,0.40625,93437.43035888672,48800,2,0.40625,96098.7982788086,48800,2,0.40625,99094.37104797363,48800,2,0.40625,90679.08782958984,48800,2,0.40625,88579.87161254883,48800,2,0.40625,141044.08641052246,3050,0,0.23124999999999996,146058.48783874512,3050,2,0.23124999999999996,146360.67808532715,3050,0,0.23124999999999996,358536.2950897217,3050,0,0.23124999999999996,141812.28172302246,3050,0,0.23124999999999996,135962.94384765625,3050,2,0.23124999999999996,136012.92030334473,3050,2,0.23124999999999996,94761.25895690918,48800,2,0.40625,96905.23072814941,48800,2,0.40625,8101051.038101196,5396,5398,2557,400,400,5060,400,400,400,400,400,400,5396,400,400,400,400,400,3249,400,400,400,400,5380,2510,400,400,3815,400,4539,400,2512,100,0,0,0,50,0,0,50,0,50,48.780487060546875,50,0,50,51.219512939453125,48.780487060546875,0,48.780487060546875,0,50,48.780487060546875,0,48.780487060546875,0,50,0,12.5,0,0,50,0,48.780487060546875,20475,15889,15311,51,0,20475,13174,115751,75,87,66718990336,8589930496,23162748928,524288
199,1790686385954,445794.2023162842,3050,0,0.23124999999999996,91913.24369812012,48800,2,0.55625,93437.62710571289,48800,2,0.55625,96098.96182250977,48800,2,0.55625,99094.53773498535,48800,2,0.55625,90679.31297302246,48800,2,0.55625,88580.09030151367,48800,2,0.55625,141044.4654083252,3050,2,0.23124999999999996,146058.76399230957,3050,2,0.23124999999999996,146361.03462219238,3050,0,0.23124999999999996,358536.63497924805,3050,0,0.23124999999999996,141812.55813598633,3050,0,0.23124999999999996,135963.2547454834,3050,2,0.23124999999999996,136013.18313598633,3050,2,0.23124999999999996,94761.4250793457,48800,2,0.55625,96905.42630004883,48800,2,0.55625,8101071.099975586,5396,5398,2557,400,400,5060,400,400,400,400,400,400,5396,400,400,400,400,400,3249,400,400,400,400,5380,2510,400,400,3815,400,4539,400,2512,100,0,0,0,52.38095474243164,0,0,52.38095474243164,0,50,52.6315803527832,50,0,50,52.38095474243164,55,0,55,0,50,52.6315803527832,0,52.6315803527832,0,50,0,10.526315689086914,0,0,50,0,55,20475,15889,15311,51,0,20475,13174,115598,74,86,66718990336,8589930496,23161929728,524288
199,1790686386154,445796.2767791748,3050,0,0.23750000000000004,91913.39961242676,16133.333333333334,0,0.40625,93437.81398010254,16133.333333333334,0,0.40625,96099.1166229248,16133.333333333334,0,0.40625,99094.69485473633,16133.333333333334,0,0.40625,90679.52642822266,16133.333333333334,0,0.40625,88580.29756164551,16133.333333333334,0,0.40625,141044.83380126953,3050,0,0.23750000000000004,146059.03202819824,3050,0,0.23750000000000004,146361.37098693848,3050,0,0.23750000000000004,358536.97135925293,3050,0,0.23750000000000004,141812.83895874023,3050,0,0.23750000000000004,135963.5581665039,3050,0,0.23750000000000004,136013.43997192383,3050,0,0.23750000000000004,94761.5821685791,16133.333333333334,0,0.40625,96905.61117553711,16133.333333333334,0,0.40625,8101090.923614502,5396,5398,2557,400,400,5060,400,400,400,400,400,400,5396,400,400,400,400,400,3249,400,400,400,400,5380,2510,400,400,3815,400,4539,400,2512,100,0,0,0,52.38095474243164,0,0,52.38095474243164,0,50,52.6315803527832,50,0,50,52.38095474243164,55,0,55,0,50,52.6315803527832,0,52.6315803527832,0,50,0,10.526315689086914,0,0,50,0,55,20475,15889,15336,51,0,20475,13174,115632,75,87,66718990336,8589930496,23161925632,524288
199,1790686386354,445798.37062072754,3050,0,0.23124999999999996,91913.55683898926,48800,2,0.59375,93438.00263977051,48800,2,0.59375,96099.27317810059,48800,2,0.59375,99094.85513305664,48800,2,0.59375,90679.74319458008,48800,2,0.59375,88580.50643920898,48800,2,0.59375,141045.20301818848,3050,2,0.23124999999999996,146059.30560302734,3050,2,0.23124999999999996,146361.7128753662,3050,0,0.23124999999999996,358537.30294799805,3050,0,0.23124999999999996,141813.11534118652,3050,0,0.23124999999999996,135963.8591003418,3050,2,0.23124999999999996,136013.69218444824,3050,2,0.23124999999999996,94761.74111938477,48800,2,0.59375,96905.7977142334,48800,2,0.59375,8101110.885681152,5396,5398,2557,400,400,5060,400,400,400,400,400,400,5396,400,400,400,400,400,3249,400,400,400,400,5380,2510,400,400,3815,400,4539,400,2512,100,0,0,0,48.71794891357422,0,0,48.71794891357422,0,50,48.780487060546875,50,0,50,48.71794891357422,47.5,0,47.5,0,50,48.780487060546875,0,48.780487060546875,0,50,0,12.195121765136719,0,0,50,0,47.5,20475,15889,15336,51,0,20475,13174,115559,75,86,66718990336,8589930496,23161925632,524288
199,1790686386554,445800.45289611816,3050,0,0.23750000000000004,91913.72026062012,16133.333333333334,0,0.3999999999999999,93438.19706726074,16133.333333333334,0,0.3999999999999999,96099.4362487793,16133.333333333334,0,0.3999999999999999,99095.02207946777,16133.333333333334,0,0.3999999999999999,90679.9697265625,16133.333333333334,0,0.3999999999999999,88580.72492980957,16133.333333333334,0,0.3999999999999999,141045.586227417,3050,0,0.23750000000000004,146059.59950256348,3050,0,0.23750000000000004,146362.07278442383,3050,0,0.23750000000000004,358537.7103881836,3050,0,0.23750000000000004,141813.40280151367,3050,0,0.23750000000000004,135964.17056274414,3050,0,0.23750000000000004,136013.95797729492,3050,0,0.23750000000000004,94761.90562438965,16133.333333333334,0,0.3999999999999999,96905.99398803711,16133.333333333334,0,0.3999999999999999,8101130.972732544,5396,5398,2557,400,400,5060,400,400,400,400,400,400,5396,400,400,400,400,400,3249,400,400,400,400,5380,2510,400,400,3815,400,4539,400,2512,100,0,0,0,48.71794891357422,0,0,48.71794891357422,0,50,48.780487060546875,50,0,50,48.71794891357422,47.5,0,47.5,0,50,48.780487060546875,0,48.780487060546875,0,50,0,12.195121765136719,0,0,50,0,47.5,20475,15889,15336,51,0,20475,13174,115431,75,86,66718990336,8589930496,23162183680,524288
199,1790686386755,445802.5367126465,3050,0,0.23750000000000004,91913.87489318848,16133.333333333334,0,0.40625,93438.38313293457,16133.333333333334,0,0.40625,96099.59085083008,16133.333333333334,0,0.40625,99095.17991638184,16133.333333333334,0,0.40625,90680.18322753906,16133.333333333334,0,0.40625,88580.93084716797,16133.333333333334,0,0.40625,141045.96740722656,3050,0,0.23750000000000004,146059.8793334961,3050,0,0.23750000000000004,146362.44171142578,3050,0,0.23750000000000004,358538.01403808594,3050,0,0.23750000000000004,141813.67208862305,3050,0,0.23750000000000004,135964.46913146973,3050,0,0.23750000000000004,136014.21174621582,3050,0,0.23750000000000004,94762.0640258789,16133.333333333334,0,0.40625,96906.17835998535,16133.333333333334,0,0.40625,8101150.7844696045,5396,5398,2557,400,400,5060,400,400,400,400,400,400,5396,400,400,400,400,400,3249,400,400,400,400,5380,2510,400,400,3815,400,4539,400,2512,100,2.5,0,0,51.219512939453125,0,2.4390242099761963,51.219512939453125,0,50,50,50,2.4390242099761963,50,50,50,0,50,0,50,50,0,50,2.5,50,0,10,0,0,50,0,51.28205490112305,20475,15889,15336,51,0,20475,13174,115528,75,86,66718990336,8589930496,23146659840,524288
199,1790686386955,445804.6191101074,3050,0,0.23124999999999996,91914.04463195801,48800,2,0.6125,93438.58010864258,48800,2,0.6125,96099.7553100586,48800,2,0.6125,99095.34893798828,48800,2,0.6125,90680.41151428223,48800,2,0.6125,88581.14874267578,48800,2,0.6125,141046.34588623047,3050,2,0.23124999999999996,146060.16069030762,3050,2,0.23124999999999996,146362.85847473145,3050,0,0.23124999999999996,358538.2880706787,3050,2,0.23124999999999996,141813.95475769043,3050,2,0.23124999999999996,135964.7771911621,3050,2,0.23124999999999996,136014.47425842285,3050,2,0.23124999999999996,94762.23179626465,48800,2,0.6125,96906.37927246094,48800,2,0.6125,8101170.936508179,5396,5398,2557,400,400,5060,400,400,400,400,400,400,5396,400,400,400,400,400,3249,400,400,400,400,5380,2510,400,400,3815,400,4539,400,2512,100,0,0,0,47.36842346191406,0,0,47.36842346191406,0,50,50,50,0,50,50,50,0,50,0,50,50,0,50,10,50,0,0,4.761904716491699,0,50,0,50,20475,15889,15336,51,0,20475,13174,115450,75,87,66718990336,8589930496,23163219968,524288
199,1790686387155,445806.6978607178,3050,0,0.23750000000000004,91914.20634460449,16133.333333333334,0,0.3999999999999999,93438.7739868164,16133.333333333334,0,0.3999999999999999,96099.91702270508,16133.333333333334,0,0.3999999999999999,99095.51374816895,16133.333333333334,0,0.3999999999999999,90680.63111877441,16133.333333333334,0,0.3999999999999999,88581.36418151855,16133.333333333334,0,0.3999999999999999,141046.7244873047,3050,0,0.23750000000000004,146060.4366455078,3050,0,0.23750000000000004,146363.2009124756,3050,0,0.23750000000000004,358538.5601196289,3050,0,0.23750000000000004,141814.23696899414,3050,0,0.23750000000000004,135965.08811950684,3050,0,0.23750000000000004,136014.73362731934,3050,0,0.23750000000000004,94762.39730834961,16133.333333333334,0,0.3999999999999999,96906.58331298828,16133.333333333334,0,0.3999999999999999,8101190.928466797,5396,5398,2557,400,400,5060,400,400,400,400,400,400,5396,400,400,400,400,400,3249,400,400,400,400,5380,2510,400,400,3815,400,4539,400,2512,100,0,0,0,52.38095474243164,0,0,52.38095474243164,0,50,55,50,0,50,52.38095474243164,55,0,55,0,50,55,0,55,15.000000953674316,50,0,0,0,0,52.38095474243164,0,52.38095474243164,20475,15889,15337,51,0,20475,13174,115396,75,86,66718990336,8589930496,23163002880,524288
199,1790686387355,445808.777923584,3050,0,0.2437499999999999,91914.35925292969,16133.333333333334,0,0.6125,93438.95561218262,16133.333333333334,0,0.6125,96100.0687713623,16133.333333333334,0,0.6125,99095.66618347168,16133.333333333334,0,0.6125,90680.83679199219,16133.333333333334,0,0.6125,88581.56454467773,16133.333333333334,0,0.6125,141047.08563232422,3050,0,0.2437499999999999,146060.70951843262,3050,0,0.2437499999999999,146363.53157043457,3050,0,0.2437499999999999,358538.88542175293,3050,0,0.2437499999999999,141814.5089416504,3050,0,0.2437499999999999,135965.38069152832,3050,0,0.2437499999999999,136014.9849395752,3050,0,0.2437499999999999,94762.55177307129,16133.333333333334,0,0.6125,96906.76220703125,16133.333333333334,0,0.6125,8101210.6931762695,5396,5398,2557,400,400,5060,400,400,400,400,400,400,5396,400,400,400,400,400,3249,400,400,400,400,5380,2510,400,400,3815,400,4539,400,2512,100,0,0,0,47.36842346191406,0,0,47.36842346191406,0,50,45,50,0,50,47.36842346191406,45,0,45,0,50,45,0,45,10,50,0,0,0,0,47.36842346191406,0,45,20475,15889,15337,51,0,20475,13174,115442,75,86,66718990336,8589930496,23154745344,524288
199,1790686387555,445810.86419677734,3050,0,0.23124999999999996,91914.52041625977,16133.333333333334,0,0.925,93439.14761352539,16133.333333333334,2,0.925,96100.22875976563,16133.333333333334,2,0.925,99095.8282623291,16133.333333333334,2,0.925,90681.05395507813,16133.333333333334,2,0.925,88581.77880859375,16133.333333333334,0,0.925,141047.46014404297,3050,2,0.23124999999999996,146060.9896697998,3050,2,0.23124999999999996,146363.80474853516,3050,2,0.23124999999999996,358539.2688446045,3050,0,0.23124999999999996,141814.7872467041,3050,0,0.23124999999999996,135965.69526672363,3050,2,0.23124999999999996,136015.2477722168,3050,0,0.23124999999999996,94762.71528625488,16133.333333333334,0,0.925,96906.92292785645,16133.333333333334,2,0.925,8101230.641281128,5396,5398,2557,400,400,5060,400,400,400,400,400,400,5396,400,400,400,400,400,3249,400,400,400,400,5380,2510,400,400,3815,400,4539,400,2512,100,0,0,0,52.38095474243164,0,0,52.38095474243164,0,50,50,50,0,50,50,52.6315803527832,0,50,0,50,50,0,52.6315803527832,0,50,0,15.000000953674316,0,0,50,0,52.6315803527832,20475,15889,15337,51,0,20475,13174,115455,75,87,66718990336,8589930496,23162740736,524288
200,1790686387755,445812.9549407959,3050,0,0.23750000000000004,91914.7244720459,16133.333333333334,0,0.3999999999999999,93439.3412322998,16133.333333333334,0,0.3999999999999999,96100.39071655273,16133.333333333334,0,0.3999999999999999,99095.99360656738,16133.333333333334,0,0.3999999999999999,90681.27432250977,16133.333333333334,0,0.3999999999999999,88581.9935760498,16133.333333333334,0,0.3999999999999999,141047.8427581787,3050,0,0.23750000000000004,146061.26768493652,3050,0,0.23750000000000004,146364.0754699707,3050,0,0.23750000000000004,358539.60429382324,3050,0,0.23750000000000004,141815.06582641602,3050,0,0.23750000000000004,135966.00132751465,3050,0,0.23750000000000004,136015.51098632813,3050,0,0.23750000000000004,94762.88285827637,16133.333333333334,0,0.3999999999999999,96907.08448791504,16133.333333333334,0,0.3999999999999999,8101250.604095459,5396,5398,2557,400,400,5060,400,400,400,400,400,400,5396,400,400,400,400,400,3249,400,400,400,400,5380,2510,400,400,3815,400,4539,400,2512,100,0,0,0,52.38095474243164,0,0,52.38095474243164,0,50,50,50,0,50,50,52.6315803527832,0,50,0,50,50,0,52.6315803527832,0,50,0,15.000000953674316,0,0,50,0,52.6315803527832,20475,15889,15337,51,0,20475,13174,115625,75,87,66718990336,8589930496,23162740736,524288
30,1790686387955,445814.1873626709,48800,2,1.1375,91914.99674987793,48800,2,1.14375,93439.58421325684,48800,2,1.14375,96100.59817504883,48800,2,1.14375,99096.22451782227,48800,2,1.14375,90681.5477142334,48800,2,1.14375,88582.14179992676,48800,2,1.14375,141048.25706481934,48800,2,1.1375,146061.58813476563,48800,2,1.1375,146364.3833618164,48800,2,1.1375,358539.9826660156,48800,2,1.1375,141815.3772277832,48800,2,1.1375,135966.28663635254,48800,2,1.1375,136015.82048034668,48800,2,1.1375,94763.09069824219,48800,2,1.14375,96907.36050415039,48800,2,1.14375,8101269.978286743,5396,5398,2557,400,400,5060,400,400,400,400,400,400,5396,400,400,400,400,400,3249,400,400,400,400,5380,2510,400,400,3815,400,4539,400,2512,80,0,0,0,55,0,0,40,17.5,55,55,55,0,55,55,36.585365295410156,0,57.5,0,55,57.5,0,56.09756088256836,0,56.09756088256836,0,10.256410598754883,0,10,57.5,0,56.09756088256836,20475,15889,15337,51,0,20475,13174,110735,70,22,66718990336,8589930496,23138435072,524288
