benchmark,router,subset,threshold,n,accuracy,cost_s,target_accuracy,meets_target,share_qwen3.5:4b,share_qwen3.5:9b,share_qwen3.5:27b
gsm_hard,always:qwen3.5:4b,calibration,,600,0.5816666666666667,6.17103759454,0.5731666666666667,,1.0,0.0,0.0
gsm_hard,always:qwen3.5:9b,calibration,,600,0.565,10.630960454235,0.5731666666666667,,0.0,1.0,0.0
gsm_hard,always:qwen3.5:27b,calibration,,600,0.6033333333333334,29.87409384491167,0.5731666666666667,,0.0,0.0,1.0
gsm_hard,cascade,calibration,0.0,600,0.6316666666666667,19.25367199291,0.5731666666666667,True,0.7116666666666667,0.05333333333333334,0.235
gsm_hard,cascade,calibration,0.02,600,0.6316666666666667,19.25367199291,0.5731666666666667,True,0.7116666666666667,0.05333333333333334,0.235
gsm_hard,cascade,calibration,0.04,600,0.6316666666666667,19.25367199291,0.5731666666666667,True,0.7116666666666667,0.05333333333333334,0.235
gsm_hard,cascade,calibration,0.06,600,0.6316666666666667,19.25367199291,0.5731666666666667,True,0.7116666666666667,0.05333333333333334,0.235
gsm_hard,cascade,calibration,0.08,600,0.6316666666666667,19.25367199291,0.5731666666666667,True,0.7116666666666667,0.05333333333333334,0.235
gsm_hard,cascade,calibration,0.1,600,0.6316666666666667,19.25367199291,0.5731666666666667,True,0.7116666666666667,0.05333333333333334,0.235
gsm_hard,cascade,calibration,0.12,600,0.6316666666666667,19.25367199291,0.5731666666666667,True,0.7116666666666667,0.05333333333333334,0.235
gsm_hard,cascade,calibration,0.14,600,0.6316666666666667,19.25367199291,0.5731666666666667,True,0.7116666666666667,0.05333333333333334,0.235
gsm_hard,cascade,calibration,0.16,600,0.6316666666666667,19.25367199291,0.5731666666666667,True,0.7116666666666667,0.05333333333333334,0.235
gsm_hard,cascade,calibration,0.18,600,0.6316666666666667,19.25367199291,0.5731666666666667,True,0.7116666666666667,0.05333333333333334,0.235
gsm_hard,cascade,calibration,0.2,600,0.6316666666666667,19.25367199291,0.5731666666666667,True,0.7116666666666667,0.05333333333333334,0.235
gsm_hard,cascade,calibration,0.22,600,0.6316666666666667,19.25367199291,0.5731666666666667,True,0.7116666666666667,0.05333333333333334,0.235
gsm_hard,cascade,calibration,0.24,600,0.6316666666666667,19.25367199291,0.5731666666666667,True,0.7116666666666667,0.05333333333333334,0.235
gsm_hard,cascade,calibration,0.26,600,0.6316666666666667,19.25367199291,0.5731666666666667,True,0.7116666666666667,0.05333333333333334,0.235
gsm_hard,cascade,calibration,0.28,600,0.6316666666666667,19.25367199291,0.5731666666666667,True,0.7116666666666667,0.05333333333333334,0.235
gsm_hard,cascade,calibration,0.3,600,0.6316666666666667,19.25367199291,0.5731666666666667,True,0.7116666666666667,0.05333333333333334,0.235
gsm_hard,cascade,calibration,0.32,600,0.6316666666666667,19.25367199291,0.5731666666666667,True,0.7116666666666667,0.05333333333333334,0.235
gsm_hard,cascade,calibration,0.34,600,0.6316666666666667,19.25367199291,0.5731666666666667,True,0.7116666666666667,0.05333333333333334,0.235
gsm_hard,cascade,calibration,0.36,600,0.6316666666666667,19.25367199291,0.5731666666666667,True,0.7116666666666667,0.05333333333333334,0.235
gsm_hard,cascade,calibration,0.38,600,0.6316666666666667,19.25367199291,0.5731666666666667,True,0.7116666666666667,0.05333333333333334,0.235
gsm_hard,cascade,calibration,0.4,600,0.6316666666666667,19.25367199291,0.5731666666666667,True,0.7116666666666667,0.05333333333333334,0.235
gsm_hard,cascade,calibration,0.42,600,0.6316666666666667,19.25367199291,0.5731666666666667,True,0.7116666666666667,0.05333333333333334,0.235
gsm_hard,cascade,calibration,0.44,600,0.6316666666666667,19.25367199291,0.5731666666666667,True,0.7116666666666667,0.05333333333333334,0.235
gsm_hard,cascade,calibration,0.46,600,0.6316666666666667,19.25367199291,0.5731666666666667,True,0.7116666666666667,0.05333333333333334,0.235
gsm_hard,cascade,calibration,0.48,600,0.6316666666666667,19.25367199291,0.5731666666666667,True,0.7116666666666667,0.05333333333333334,0.235
gsm_hard,cascade,calibration,0.5,600,0.6316666666666667,19.25367199291,0.5731666666666667,True,0.7116666666666667,0.05333333333333334,0.235
gsm_hard,cascade,calibration,0.52,600,0.6316666666666667,19.25367199291,0.5731666666666667,True,0.7116666666666667,0.05333333333333334,0.235
gsm_hard,cascade,calibration,0.54,600,0.6316666666666667,19.25367199291,0.5731666666666667,True,0.7116666666666667,0.05333333333333334,0.235
gsm_hard,cascade,calibration,0.56,600,0.6316666666666667,19.25367199291,0.5731666666666667,True,0.7116666666666667,0.05333333333333334,0.235
gsm_hard,cascade,calibration,0.58,600,0.6316666666666667,19.25367199291,0.5731666666666667,True,0.7116666666666667,0.05333333333333334,0.235
gsm_hard,cascade,calibration,0.6,600,0.6316666666666667,19.25367199291,0.5731666666666667,True,0.7116666666666667,0.05333333333333334,0.235
gsm_hard,cascade,calibration,0.62,600,0.6316666666666667,19.25367199291,0.5731666666666667,True,0.7116666666666667,0.05333333333333334,0.235
gsm_hard,cascade,calibration,0.64,600,0.6316666666666667,19.25367199291,0.5731666666666667,True,0.7116666666666667,0.05333333333333334,0.235
gsm_hard,cascade,calibration,0.66,600,0.6316666666666667,19.25367199291,0.5731666666666667,True,0.7116666666666667,0.05333333333333334,0.235
gsm_hard,cascade,calibration,0.68,600,0.6316666666666667,19.25367199291,0.5731666666666667,True,0.7116666666666667,0.05333333333333334,0.235
gsm_hard,cascade,calibration,0.7,600,0.6316666666666667,19.25367199291,0.5731666666666667,True,0.7116666666666667,0.05333333333333334,0.235
gsm_hard,cascade,calibration,0.72,600,0.6316666666666667,19.25367199291,0.5731666666666667,True,0.7116666666666667,0.05333333333333334,0.235
gsm_hard,cascade,calibration,0.74,600,0.6316666666666667,19.25367199291,0.5731666666666667,True,0.7116666666666667,0.05333333333333334,0.235
gsm_hard,cascade,calibration,0.76,600,0.6316666666666667,19.25367199291,0.5731666666666667,True,0.7116666666666667,0.05333333333333334,0.235
gsm_hard,cascade,calibration,0.78,600,0.6316666666666667,19.25367199291,0.5731666666666667,True,0.7116666666666667,0.05333333333333334,0.235
gsm_hard,cascade,calibration,0.8,600,0.6316666666666667,19.25367199291,0.5731666666666667,True,0.7116666666666667,0.05333333333333334,0.235
gsm_hard,cascade,calibration,0.82,600,0.6316666666666667,19.25367199291,0.5731666666666667,True,0.7116666666666667,0.05333333333333334,0.235
gsm_hard,cascade,calibration,0.84,600,0.6316666666666667,19.25367199291,0.5731666666666667,True,0.7116666666666667,0.05333333333333334,0.235
gsm_hard,cascade,calibration,0.86,600,0.6316666666666667,19.25367199291,0.5731666666666667,True,0.7116666666666667,0.05333333333333334,0.235
gsm_hard,cascade,calibration,0.88,600,0.6316666666666667,19.25367199291,0.5731666666666667,True,0.7116666666666667,0.05333333333333334,0.235
gsm_hard,cascade,calibration,0.9,600,0.6316666666666667,19.25367199291,0.5731666666666667,True,0.7116666666666667,0.05333333333333334,0.235
gsm_hard,cascade,calibration,0.92,600,0.6316666666666667,19.25367199291,0.5731666666666667,True,0.7116666666666667,0.05333333333333334,0.235
gsm_hard,cascade,calibration,0.94,600,0.6316666666666667,19.25367199291,0.5731666666666667,True,0.7116666666666667,0.05333333333333334,0.235
gsm_hard,cascade,calibration,0.96,600,0.6316666666666667,19.345178380785,0.5731666666666667,True,0.71,0.05333333333333334,0.23666666666666666
gsm_hard,cascade,calibration,0.98,600,0.6316666666666667,19.345178380785,0.5731666666666667,True,0.71,0.05333333333333334,0.23666666666666666
gsm_hard,cascade,calibration,1.0,600,0.6033333333333334,46.60640379654166,0.5731666666666667,True,0.0,0.005,0.995
gsm_hard,always:qwen3.5:4b,calibration-val,,120,0.625,6.074840344258333,0.6491666666666667,,1.0,0.0,0.0
gsm_hard,always:qwen3.5:9b,calibration-val,,120,0.6416666666666667,10.107598513649998,0.6491666666666667,,0.0,1.0,0.0
gsm_hard,always:qwen3.5:27b,calibration-val,,120,0.6833333333333333,28.73728287709167,0.6491666666666667,,0.0,0.0,1.0
gsm_hard,matrix_factorization,calibration-val,0.0,120,0.625,6.074840344258333,0.6491666666666667,False,1.0,0.0,0.0
gsm_hard,matrix_factorization,calibration-val,0.02,120,0.625,6.074840344258333,0.6491666666666667,False,1.0,0.0,0.0
gsm_hard,matrix_factorization,calibration-val,0.04,120,0.625,6.074840344258333,0.6491666666666667,False,1.0,0.0,0.0
gsm_hard,matrix_factorization,calibration-val,0.06,120,0.6333333333333333,6.2452631604499995,0.6491666666666667,False,0.9916666666666667,0.0,0.008333333333333333
gsm_hard,matrix_factorization,calibration-val,0.08,120,0.6333333333333333,6.2452631604499995,0.6491666666666667,False,0.9916666666666667,0.0,0.008333333333333333
gsm_hard,matrix_factorization,calibration-val,0.1,120,0.6333333333333333,6.2452631604499995,0.6491666666666667,False,0.9916666666666667,0.0,0.008333333333333333
gsm_hard,matrix_factorization,calibration-val,0.12,120,0.625,6.5509027402,0.6491666666666667,False,0.9833333333333333,0.0,0.016666666666666666
gsm_hard,matrix_factorization,calibration-val,0.14,120,0.625,6.5509027402,0.6491666666666667,False,0.9833333333333333,0.0,0.016666666666666666
gsm_hard,matrix_factorization,calibration-val,0.16,120,0.6333333333333333,6.816320668541667,0.6491666666666667,False,0.975,0.0,0.025
gsm_hard,matrix_factorization,calibration-val,0.18,120,0.6333333333333333,7.481516988358333,0.6491666666666667,False,0.95,0.0,0.05
gsm_hard,matrix_factorization,calibration-val,0.2,120,0.6333333333333333,7.481516988358333,0.6491666666666667,False,0.95,0.0,0.05
gsm_hard,matrix_factorization,calibration-val,0.22,120,0.6333333333333333,7.747331602708332,0.6491666666666667,False,0.9416666666666667,0.0,0.058333333333333334
gsm_hard,matrix_factorization,calibration-val,0.24,120,0.6333333333333333,7.747331602708332,0.6491666666666667,False,0.9416666666666667,0.0,0.058333333333333334
gsm_hard,matrix_factorization,calibration-val,0.26,120,0.6333333333333333,7.990576854799999,0.6491666666666667,False,0.925,0.008333333333333333,0.06666666666666667
gsm_hard,matrix_factorization,calibration-val,0.28,120,0.6416666666666667,8.424422722016665,0.6491666666666667,False,0.8833333333333333,0.03333333333333333,0.08333333333333333
gsm_hard,matrix_factorization,calibration-val,0.3,120,0.6416666666666667,8.985822141491667,0.6491666666666667,False,0.8583333333333333,0.03333333333333333,0.10833333333333334
gsm_hard,matrix_factorization,calibration-val,0.32,120,0.6416666666666667,9.918242688275,0.6491666666666667,False,0.825,0.025,0.15
gsm_hard,matrix_factorization,calibration-val,0.34,120,0.6583333333333333,10.2528493778,0.6491666666666667,True,0.8166666666666667,0.016666666666666666,0.16666666666666666
gsm_hard,matrix_factorization,calibration-val,0.36,120,0.6583333333333333,10.982687285783333,0.6491666666666667,True,0.7666666666666667,0.041666666666666664,0.19166666666666668
gsm_hard,matrix_factorization,calibration-val,0.38,120,0.6666666666666666,12.524015173858334,0.6491666666666667,True,0.725,0.008333333333333333,0.26666666666666666
gsm_hard,matrix_factorization,calibration-val,0.4,120,0.6666666666666666,12.679804845383332,0.6491666666666667,True,0.7083333333333334,0.016666666666666666,0.275
gsm_hard,matrix_factorization,calibration-val,0.42,120,0.6583333333333333,13.179279680266665,0.6491666666666667,True,0.6916666666666667,0.008333333333333333,0.3
gsm_hard,matrix_factorization,calibration-val,0.44,120,0.6583333333333333,13.498667425125001,0.6491666666666667,True,0.6833333333333333,0.0,0.31666666666666665
gsm_hard,matrix_factorization,calibration-val,0.46,120,0.6666666666666666,13.981436756991668,0.6491666666666667,True,0.6333333333333333,0.041666666666666664,0.325
gsm_hard,matrix_factorization,calibration-val,0.48,120,0.6583333333333333,15.528775398750001,0.6491666666666667,True,0.6,0.016666666666666666,0.38333333333333336
gsm_hard,matrix_factorization,calibration-val,0.5,120,0.6583333333333333,15.554885932133335,0.6491666666666667,True,0.5916666666666667,0.025,0.38333333333333336
gsm_hard,matrix_factorization,calibration-val,0.52,120,0.6666666666666666,16.389822982450003,0.6491666666666667,True,0.5583333333333333,0.016666666666666666,0.425
gsm_hard,matrix_factorization,calibration-val,0.54,120,0.6666666666666666,16.639113749283336,0.6491666666666667,True,0.5416666666666666,0.025,0.43333333333333335
gsm_hard,matrix_factorization,calibration-val,0.56,120,0.6666666666666666,16.914585102516664,0.6491666666666667,True,0.5416666666666666,0.008333333333333333,0.45
gsm_hard,matrix_factorization,calibration-val,0.58,120,0.6666666666666666,16.914585102516664,0.6491666666666667,True,0.5416666666666666,0.008333333333333333,0.45
gsm_hard,matrix_factorization,calibration-val,0.6,120,0.675,17.782057670741665,0.6491666666666667,True,0.475,0.041666666666666664,0.48333333333333334
gsm_hard,matrix_factorization,calibration-val,0.62,120,0.6666666666666666,19.57582188624167,0.6491666666666667,True,0.425,0.025,0.55
gsm_hard,matrix_factorization,calibration-val,0.64,120,0.675,20.75037757715,0.6491666666666667,True,0.36666666666666664,0.03333333333333333,0.6
gsm_hard,matrix_factorization,calibration-val,0.66,120,0.6666666666666666,21.71588646738333,0.6491666666666667,True,0.3416666666666667,0.008333333333333333,0.65
gsm_hard,matrix_factorization,calibration-val,0.68,120,0.6666666666666666,21.71588646738333,0.6491666666666667,True,0.3416666666666667,0.008333333333333333,0.65
gsm_hard,matrix_factorization,calibration-val,0.7,120,0.6583333333333333,22.117244325308334,0.6491666666666667,True,0.3333333333333333,0.0,0.6666666666666666
gsm_hard,matrix_factorization,calibration-val,0.72,120,0.6583333333333333,22.476309855483336,0.6491666666666667,True,0.30833333333333335,0.0,0.6916666666666667
gsm_hard,matrix_factorization,calibration-val,0.74,120,0.6583333333333333,22.846252230033333,0.6491666666666667,True,0.2916666666666667,0.0,0.7083333333333334
gsm_hard,matrix_factorization,calibration-val,0.76,120,0.6583333333333333,23.338015774816668,0.6491666666666667,True,0.26666666666666666,0.0,0.7333333333333333
gsm_hard,matrix_factorization,calibration-val,0.78,120,0.6583333333333333,23.359953566116666,0.6491666666666667,True,0.25833333333333336,0.008333333333333333,0.7333333333333333
gsm_hard,matrix_factorization,calibration-val,0.8,120,0.6583333333333333,23.626513072366667,0.6491666666666667,True,0.225,0.025,0.75
gsm_hard,matrix_factorization,calibration-val,0.82,120,0.675,24.185566750166668,0.6491666666666667,True,0.19166666666666668,0.025,0.7833333333333333
gsm_hard,matrix_factorization,calibration-val,0.84,120,0.675,25.240065248299995,0.6491666666666667,True,0.15,0.008333333333333333,0.8416666666666667
gsm_hard,matrix_factorization,calibration-val,0.86,120,0.675,26.17198033338333,0.6491666666666667,True,0.11666666666666667,0.008333333333333333,0.875
gsm_hard,matrix_factorization,calibration-val,0.88,120,0.675,26.647429280399997,0.6491666666666667,True,0.1,0.0,0.9
gsm_hard,matrix_factorization,calibration-val,0.9,120,0.675,26.94774328430833,0.6491666666666667,True,0.075,0.008333333333333333,0.9166666666666666
gsm_hard,matrix_factorization,calibration-val,0.92,120,0.675,27.760189941416666,0.6491666666666667,True,0.05,0.0,0.95
gsm_hard,matrix_factorization,calibration-val,0.94,120,0.675,28.144393090208332,0.6491666666666667,True,0.03333333333333333,0.0,0.9666666666666667
gsm_hard,matrix_factorization,calibration-val,0.96,120,0.6833333333333333,28.492835672158336,0.6491666666666667,True,0.016666666666666666,0.0,0.9833333333333333
gsm_hard,matrix_factorization,calibration-val,0.98,120,0.6833333333333333,28.60421345625,0.6491666666666667,True,0.008333333333333333,0.0,0.9916666666666667
gsm_hard,matrix_factorization,calibration-val,1.0,120,0.6833333333333333,28.73728287709167,0.6491666666666667,True,0.0,0.0,1.0
mmlu_pro,always:qwen3.5:4b,calibration,,600,0.535,8.958163701603334,0.59375,,1.0,0.0,0.0
mmlu_pro,always:qwen3.5:9b,calibration,,600,0.5966666666666667,13.268498691060001,0.59375,,0.0,1.0,0.0
mmlu_pro,always:qwen3.5:27b,calibration,,600,0.625,40.111931906993334,0.59375,,0.0,0.0,1.0
mmlu_pro,cascade,calibration,0.0,600,0.655,27.486576980044997,0.59375,True,0.635,0.13166666666666665,0.23333333333333334
mmlu_pro,cascade,calibration,0.02,600,0.655,27.486576980044997,0.59375,True,0.635,0.13166666666666665,0.23333333333333334
mmlu_pro,cascade,calibration,0.04,600,0.655,27.486576980044997,0.59375,True,0.635,0.13166666666666665,0.23333333333333334
mmlu_pro,cascade,calibration,0.06,600,0.655,27.486576980044997,0.59375,True,0.635,0.13166666666666665,0.23333333333333334
mmlu_pro,cascade,calibration,0.08,600,0.655,27.486576980044997,0.59375,True,0.635,0.13166666666666665,0.23333333333333334
mmlu_pro,cascade,calibration,0.1,600,0.655,27.486576980044997,0.59375,True,0.635,0.13166666666666665,0.23333333333333334
mmlu_pro,cascade,calibration,0.12,600,0.655,27.486576980044997,0.59375,True,0.635,0.13166666666666665,0.23333333333333334
mmlu_pro,cascade,calibration,0.14,600,0.655,27.486576980044997,0.59375,True,0.635,0.13166666666666665,0.23333333333333334
mmlu_pro,cascade,calibration,0.16,600,0.655,27.486576980044997,0.59375,True,0.635,0.13166666666666665,0.23333333333333334
mmlu_pro,cascade,calibration,0.18,600,0.655,27.486576980044997,0.59375,True,0.635,0.13166666666666665,0.23333333333333334
mmlu_pro,cascade,calibration,0.2,600,0.655,27.486576980044997,0.59375,True,0.635,0.13166666666666665,0.23333333333333334
mmlu_pro,cascade,calibration,0.22,600,0.6566666666666666,27.577892052003328,0.59375,True,0.6316666666666667,0.13333333333333333,0.235
mmlu_pro,cascade,calibration,0.24,600,0.6566666666666666,27.699550231204995,0.59375,True,0.63,0.13166666666666665,0.23833333333333334
mmlu_pro,cascade,calibration,0.26,600,0.6566666666666666,27.76492109767333,0.59375,True,0.6283333333333333,0.13166666666666665,0.24
mmlu_pro,cascade,calibration,0.28,600,0.655,27.941182497756667,0.59375,True,0.6266666666666667,0.13,0.24333333333333335
mmlu_pro,cascade,calibration,0.3,600,0.655,27.991942063385,0.59375,True,0.6266666666666667,0.12833333333333333,0.245
mmlu_pro,cascade,calibration,0.32,600,0.6516666666666666,28.10357045415833,0.59375,True,0.625,0.12833333333333333,0.24666666666666667
mmlu_pro,cascade,calibration,0.34,600,0.6516666666666666,28.118771549643334,0.59375,True,0.6233333333333333,0.13,0.24666666666666667
mmlu_pro,cascade,calibration,0.36,600,0.6516666666666666,28.188124824201665,0.59375,True,0.6216666666666667,0.13,0.24833333333333332
mmlu_pro,cascade,calibration,0.38,600,0.6516666666666666,28.213490059686663,0.59375,True,0.6183333333333333,0.13333333333333333,0.24833333333333332
mmlu_pro,cascade,calibration,0.4,600,0.6516666666666666,28.275239982546665,0.59375,True,0.6166666666666667,0.13333333333333333,0.25
mmlu_pro,cascade,calibration,0.42,600,0.6516666666666666,28.275239982546665,0.59375,True,0.6166666666666667,0.13333333333333333,0.25
mmlu_pro,cascade,calibration,0.44,600,0.6516666666666666,28.275239982546665,0.59375,True,0.6166666666666667,0.13333333333333333,0.25
mmlu_pro,cascade,calibration,0.46,600,0.6516666666666666,28.290173442876664,0.59375,True,0.615,0.135,0.25
mmlu_pro,cascade,calibration,0.48,600,0.6516666666666666,28.290173442876664,0.59375,True,0.615,0.135,0.25
mmlu_pro,cascade,calibration,0.5,600,0.6516666666666666,28.290173442876664,0.59375,True,0.615,0.135,0.25
mmlu_pro,cascade,calibration,0.52,600,0.6516666666666666,28.41806833825166,0.59375,True,0.6116666666666667,0.13666666666666666,0.25166666666666665
mmlu_pro,cascade,calibration,0.54,600,0.65,28.645718883391666,0.59375,True,0.6083333333333333,0.13666666666666666,0.255
mmlu_pro,cascade,calibration,0.56,600,0.6483333333333333,28.902282792145,0.59375,True,0.6066666666666667,0.13333333333333333,0.26
mmlu_pro,cascade,calibration,0.58,600,0.6466666666666666,28.921713061964997,0.59375,True,0.605,0.135,0.26
mmlu_pro,cascade,calibration,0.6,600,0.6466666666666666,29.08575364810833,0.59375,True,0.6,0.13666666666666666,0.2633333333333333
mmlu_pro,cascade,calibration,0.62,600,0.6466666666666666,29.327516363189996,0.59375,True,0.5933333333333334,0.14,0.26666666666666666
mmlu_pro,cascade,calibration,0.64,600,0.6466666666666666,29.399097941859996,0.59375,True,0.5933333333333334,0.13666666666666666,0.27
mmlu_pro,cascade,calibration,0.66,600,0.6466666666666666,29.507147358805003,0.59375,True,0.5916666666666667,0.13666666666666666,0.27166666666666667
mmlu_pro,cascade,calibration,0.68,600,0.6466666666666666,29.67402247789167,0.59375,True,0.59,0.13333333333333333,0.27666666666666667
mmlu_pro,cascade,calibration,0.7,600,0.645,29.836978612063334,0.59375,True,0.5883333333333334,0.13166666666666665,0.28
mmlu_pro,cascade,calibration,0.72,600,0.6466666666666666,29.871427623869998,0.59375,True,0.585,0.135,0.28
mmlu_pro,cascade,calibration,0.74,600,0.65,30.182584644364997,0.59375,True,0.5833333333333334,0.13,0.2866666666666667
mmlu_pro,cascade,calibration,0.76,600,0.65,30.338848341960002,0.59375,True,0.5816666666666667,0.12833333333333333,0.29
mmlu_pro,cascade,calibration,0.78,600,0.65,30.432736913043332,0.59375,True,0.5783333333333334,0.13,0.2916666666666667
mmlu_pro,cascade,calibration,0.8,600,0.65,30.75535025307333,0.59375,True,0.575,0.12666666666666668,0.29833333333333334
mmlu_pro,cascade,calibration,0.82,600,0.65,30.86630466753333,0.59375,True,0.5716666666666667,0.12833333333333333,0.3
mmlu_pro,cascade,calibration,0.84,600,0.6466666666666666,31.16354353745,0.59375,True,0.5683333333333334,0.12666666666666668,0.305
mmlu_pro,cascade,calibration,0.86,600,0.6466666666666666,31.389917248266666,0.59375,True,0.5683333333333334,0.12166666666666667,0.31
mmlu_pro,cascade,calibration,0.88,600,0.6466666666666666,31.687392152121664,0.59375,True,0.56,0.125,0.315
mmlu_pro,cascade,calibration,0.9,600,0.6466666666666666,31.842922521471664,0.59375,True,0.5583333333333333,0.12166666666666667,0.32
mmlu_pro,cascade,calibration,0.92,600,0.6466666666666666,32.21182608539833,0.59375,True,0.555,0.11666666666666667,0.3283333333333333
mmlu_pro,cascade,calibration,0.94,600,0.6466666666666666,32.46636255132834,0.59375,True,0.5533333333333333,0.11333333333333333,0.3333333333333333
mmlu_pro,cascade,calibration,0.96,600,0.6466666666666666,32.590461563746665,0.59375,True,0.545,0.12,0.335
mmlu_pro,cascade,calibration,0.98,600,0.6466666666666666,32.644000553046666,0.59375,True,0.5433333333333333,0.12,0.33666666666666667
mmlu_pro,cascade,calibration,1.0,600,0.6333333333333333,52.88639567793333,0.59375,True,0.20666666666666667,0.0,0.7933333333333333
mmlu_pro,always:qwen3.5:4b,calibration-val,,120,0.55,8.906411865699999,0.6016666666666666,,1.0,0.0,0.0
mmlu_pro,always:qwen3.5:9b,calibration-val,,120,0.5666666666666667,12.996300726625002,0.6016666666666666,,0.0,1.0,0.0
mmlu_pro,always:qwen3.5:27b,calibration-val,,120,0.6333333333333333,39.137885561675,0.6016666666666666,,0.0,0.0,1.0
mmlu_pro,matrix_factorization,calibration-val,0.0,120,0.55,8.906411865699999,0.6016666666666666,False,1.0,0.0,0.0
mmlu_pro,matrix_factorization,calibration-val,0.02,120,0.55,9.261572810741665,0.6016666666666666,False,0.9916666666666667,0.0,0.008333333333333333
mmlu_pro,matrix_factorization,calibration-val,0.04,120,0.5416666666666666,9.563075159225,0.6016666666666666,False,0.975,0.008333333333333333,0.016666666666666666
mmlu_pro,matrix_factorization,calibration-val,0.06,120,0.55,9.835941072508335,0.6016666666666666,False,0.9666666666666667,0.008333333333333333,0.025
mmlu_pro,matrix_factorization,calibration-val,0.08,120,0.5416666666666666,10.336513357325002,0.6016666666666666,False,0.95,0.016666666666666666,0.03333333333333333
mmlu_pro,matrix_factorization,calibration-val,0.1,120,0.5333333333333333,10.834724466516665,0.6016666666666666,False,0.9083333333333333,0.05,0.041666666666666664
mmlu_pro,matrix_factorization,calibration-val,0.12,120,0.55,11.708683555958334,0.6016666666666666,False,0.8833333333333333,0.05,0.06666666666666667
mmlu_pro,matrix_factorization,calibration-val,0.14,120,0.55,12.964090771658334,0.6016666666666666,False,0.8333333333333334,0.06666666666666667,0.1
mmlu_pro,matrix_factorization,calibration-val,0.16,120,0.5416666666666666,14.211084338966666,0.6016666666666666,False,0.7833333333333333,0.08333333333333333,0.13333333333333333
mmlu_pro,matrix_factorization,calibration-val,0.18,120,0.55,15.096372710416665,0.6016666666666666,False,0.75,0.09166666666666666,0.15833333333333333
mmlu_pro,matrix_factorization,calibration-val,0.2,120,0.5666666666666667,15.643084229966664,0.6016666666666666,False,0.7333333333333333,0.08333333333333333,0.18333333333333332
mmlu_pro,matrix_factorization,calibration-val,0.22,120,0.5666666666666667,16.307147214791666,0.6016666666666666,False,0.7166666666666667,0.08333333333333333,0.2
mmlu_pro,matrix_factorization,calibration-val,0.24,120,0.5583333333333333,17.378298775925,0.6016666666666666,False,0.675,0.1,0.225
mmlu_pro,matrix_factorization,calibration-val,0.26,120,0.5583333333333333,18.47058763031667,0.6016666666666666,False,0.6583333333333333,0.075,0.26666666666666666
mmlu_pro,matrix_factorization,calibration-val,0.28,120,0.5416666666666666,19.364320282608332,0.6016666666666666,False,0.6333333333333333,0.075,0.2916666666666667
mmlu_pro,matrix_factorization,calibration-val,0.3,120,0.5416666666666666,19.423260762850003,0.6016666666666666,False,0.6166666666666667,0.09166666666666666,0.2916666666666667
mmlu_pro,matrix_factorization,calibration-val,0.32,120,0.5416666666666666,19.482612547641665,0.6016666666666666,False,0.6083333333333333,0.1,0.2916666666666667
mmlu_pro,matrix_factorization,calibration-val,0.34,120,0.5416666666666666,19.708617879183333,0.6016666666666666,False,0.6083333333333333,0.09166666666666666,0.3
mmlu_pro,matrix_factorization,calibration-val,0.36,120,0.525,21.001058998208332,0.6016666666666666,False,0.5916666666666667,0.075,0.3333333333333333
mmlu_pro,matrix_factorization,calibration-val,0.38,120,0.55,21.460654674974997,0.6016666666666666,False,0.5833333333333334,0.058333333333333334,0.35833333333333334
mmlu_pro,matrix_factorization,calibration-val,0.4,120,0.55,21.676686287474997,0.6016666666666666,False,0.5583333333333333,0.075,0.36666666666666664
mmlu_pro,matrix_factorization,calibration-val,0.42,120,0.55,22.185443159016664,0.6016666666666666,False,0.55,0.058333333333333334,0.39166666666666666
mmlu_pro,matrix_factorization,calibration-val,0.44,120,0.5416666666666666,22.615659664291666,0.6016666666666666,False,0.525,0.075,0.4
mmlu_pro,matrix_factorization,calibration-val,0.46,120,0.5416666666666666,22.880944373374994,0.6016666666666666,False,0.5083333333333333,0.08333333333333333,0.4083333333333333
mmlu_pro,matrix_factorization,calibration-val,0.48,120,0.55,23.15080040405,0.6016666666666666,False,0.475,0.10833333333333334,0.4166666666666667
mmlu_pro,matrix_factorization,calibration-val,0.5,120,0.55,23.170320463083332,0.6016666666666666,False,0.4583333333333333,0.125,0.4166666666666667
mmlu_pro,matrix_factorization,calibration-val,0.52,120,0.55,24.0219244163,0.6016666666666666,False,0.44166666666666665,0.10833333333333334,0.45
mmlu_pro,matrix_factorization,calibration-val,0.54,120,0.55,24.0219244163,0.6016666666666666,False,0.44166666666666665,0.10833333333333334,0.45
mmlu_pro,matrix_factorization,calibration-val,0.56,120,0.55,24.273835876891667,0.6016666666666666,False,0.425,0.11666666666666667,0.4583333333333333
mmlu_pro,matrix_factorization,calibration-val,0.58,120,0.5666666666666667,24.777472393541665,0.6016666666666666,False,0.38333333333333336,0.14166666666666666,0.475
mmlu_pro,matrix_factorization,calibration-val,0.6,120,0.5666666666666667,25.640211077791665,0.6016666666666666,False,0.35833333333333334,0.13333333333333333,0.5083333333333333
mmlu_pro,matrix_factorization,calibration-val,0.62,120,0.575,26.406180487025,0.6016666666666666,False,0.3333333333333333,0.13333333333333333,0.5333333333333333
mmlu_pro,matrix_factorization,calibration-val,0.64,120,0.575,27.185783541624996,0.6016666666666666,False,0.3333333333333333,0.1,0.5666666666666667
mmlu_pro,matrix_factorization,calibration-val,0.66,120,0.5916666666666667,27.414648094991666,0.6016666666666666,False,0.3,0.125,0.575
mmlu_pro,matrix_factorization,calibration-val,0.68,120,0.5916666666666667,28.29036337333333,0.6016666666666666,False,0.26666666666666666,0.125,0.6083333333333333
mmlu_pro,matrix_factorization,calibration-val,0.7,120,0.6,29.55979705805,0.6016666666666666,False,0.23333333333333334,0.10833333333333334,0.6583333333333333
mmlu_pro,matrix_factorization,calibration-val,0.72,120,0.5916666666666667,30.383792522141665,0.6016666666666666,False,0.20833333333333334,0.10833333333333334,0.6833333333333333
mmlu_pro,matrix_factorization,calibration-val,0.74,120,0.5916666666666667,30.820014125491664,0.6016666666666666,False,0.20833333333333334,0.08333333333333333,0.7083333333333334
mmlu_pro,matrix_factorization,calibration-val,0.76,120,0.5916666666666667,31.398367048283333,0.6016666666666666,False,0.19166666666666668,0.08333333333333333,0.725
mmlu_pro,matrix_factorization,calibration-val,0.78,120,0.5833333333333334,31.80753502075,0.6016666666666666,False,0.175,0.09166666666666666,0.7333333333333333
mmlu_pro,matrix_factorization,calibration-val,0.8,120,0.5916666666666667,33.214967423558335,0.6016666666666666,False,0.15833333333333333,0.06666666666666667,0.775
mmlu_pro,matrix_factorization,calibration-val,0.82,120,0.5916666666666667,34.01038449555001,0.6016666666666666,False,0.125,0.075,0.8
mmlu_pro,matrix_factorization,calibration-val,0.84,120,0.5833333333333334,34.623044885350005,0.6016666666666666,False,0.1,0.08333333333333333,0.8166666666666667
mmlu_pro,matrix_factorization,calibration-val,0.86,120,0.5833333333333334,35.76558992715833,0.6016666666666666,False,0.08333333333333333,0.06666666666666667,0.85
mmlu_pro,matrix_factorization,calibration-val,0.88,120,0.5916666666666667,37.02466808539167,0.6016666666666666,False,0.06666666666666667,0.025,0.9083333333333333
mmlu_pro,matrix_factorization,calibration-val,0.9,120,0.6083333333333333,37.50948555351667,0.6016666666666666,True,0.03333333333333333,0.03333333333333333,0.9333333333333333
mmlu_pro,matrix_factorization,calibration-val,0.92,120,0.6166666666666667,37.90590034359166,0.6016666666666666,True,0.025,0.025,0.95
mmlu_pro,matrix_factorization,calibration-val,0.94,120,0.625,38.55701316985833,0.6016666666666666,True,0.016666666666666666,0.0,0.9833333333333333
mmlu_pro,matrix_factorization,calibration-val,0.96,120,0.625,38.55701316985833,0.6016666666666666,True,0.016666666666666666,0.0,0.9833333333333333
mmlu_pro,matrix_factorization,calibration-val,0.98,120,0.6333333333333333,39.137885561675,0.6016666666666666,True,0.0,0.0,1.0
mmlu_pro,matrix_factorization,calibration-val,1.0,120,0.6333333333333333,39.137885561675,0.6016666666666666,True,0.0,0.0,1.0
